"Target","Competitor","Proposed claim","Claim type","Segment/application","Buyer role","Channel","Baseline","Substantiation","Approval state","Approved wording","Readiness","Owner","Expiration date","Next action","Evidence URLs","Output status"
"All > All > All > All > All","Shimadzu","Next Gen LC should help laboratories execute reliable, transferable, compliant analytical workflows—not merely compete on UHPLC hardware specifications. Proposed — not approved: adapt the governing workflow position for all supported markets · all supported applications · all buying situations · all geographies · the full buying committee. Shimadzu adaptation: Emphasize premium separations, LC-MS readiness, columns/application ecosystem, and method continuity rather than a pure value-platform comparison.","economic","Food safety · Cost","Procurement","Technical content / application proof","Shimadzu","Unsupported","Approval not established","Approved wording unavailable — no approval record","Blocked","Owner needed","Expiration date needed","Commission a comparative TCO study for Food safety LC against Shimadzu, with acquisition, service, consumables, labor, downtime, utilization, geography, currency, and analysis horizon held explicit. Then obtain documented claims/legal approval, approved wording, an owner, and an expiration date.","https://www.reddit.com/r/CHROMATOGRAPHY/comments/1q24noh/reccomendations_for_new_hplc_system_for_routine/ | https://www.reddit.com/r/CHROMATOGRAPHY/comments/17v4dij/shimadzu_nexera_xs_inert_vs_agilent_1290_bio/ | https://www.waters.com/nextgen/is/en/about-waters.html","DRAFT — NOT APPROVED"
"All > All > All > All > All","Shimadzu","Next Gen LC should help laboratories execute reliable, transferable, compliant analytical workflows—not merely compete on UHPLC hardware specifications. Proposed — not approved: adapt the governing workflow position for all supported markets · all supported applications · all buying situations · all geographies · the full buying committee. Shimadzu adaptation: Emphasize premium separations, LC-MS readiness, columns/application ecosystem, and method continuity rather than a pure value-platform comparison.","workflow","Chemical/materials · Method transfer","Method developer","Technical content / application proof","Shimadzu","Unsupported","Approval not established","Approved wording unavailable — no approval record","Blocked","Owner needed","Expiration date needed","Run a controlled Chemical/materials LC workflow study against Shimadzu using matched products, methods, attributes, test conditions, and decision criteria. Then obtain documented claims/legal approval, approved wording, an owner, and an expiration date.","https://www.reddit.com/r/CHROMATOGRAPHY/comments/1q24noh/reccomendations_for_new_hplc_system_for_routine/ | https://www.reddit.com/r/CHROMATOGRAPHY/comments/1i7ixun/lab_solutions_frustration/ | https://www.waters.com/nextgen/is/en/about-waters.html","DRAFT — NOT APPROVED"
"All > All > All > All > All","Shimadzu","Next Gen LC should help laboratories execute reliable, transferable, compliant analytical workflows—not merely compete on UHPLC hardware specifications. Proposed — not approved: adapt the governing workflow position for all supported markets · all supported applications · all buying situations · all geographies · the full buying committee. Shimadzu adaptation: Prepare Nexera X4 versus ACQUITY proof for pharma QC, method transfer, reliability, uptime, and installed-base upgrade conversations.","comparative","Audience unresolved · Buying criterion unresolved","Buyer role unresolved","Technical content / application proof","Shimadzu","Unsupported","Approval not established","Approved wording unavailable — no approval record","Blocked","Owner needed","Expiration date needed","Run a controlled the intended segment LC workflow study against Shimadzu using matched products, methods, attributes, test conditions, and decision criteria. Then obtain documented claims/legal approval, approved wording, an owner, and an expiration date.","https://www.shimadzu.com/news/2026/t0best6lrz8y0uk9.html | https://www.waters.com/nextgen/is/en/about-waters.html","DRAFT — NOT APPROVED"
"All > All > All > All > All","Shimadzu","Next Gen LC should help laboratories execute reliable, transferable, compliant analytical workflows—not merely compete on UHPLC hardware specifications. Proposed — not approved: adapt the governing workflow position for all supported markets · all supported applications · all buying situations · all geographies · the full buying committee. Shimadzu adaptation: Prepare Nexera X4 versus ACQUITY proof for pharma QC, method transfer, reliability, uptime, and installed-base upgrade conversations.","comparative","Audience unresolved · Buying criterion unresolved","Buyer role unresolved","Technical content / application proof","Shimadzu","Unsupported","Approval not established","Approved wording unavailable — no approval record","Blocked","Owner needed","Expiration date needed","Run a controlled the intended segment LC workflow study against Shimadzu using matched products, methods, attributes, test conditions, and decision criteria. Then obtain documented claims/legal approval, approved wording, an owner, and an expiration date.","https://www.shimadzu.com/news/2025/w40jo6pvrivu5s7v.html | https://www.waters.com/nextgen/is/en/about-waters.html","DRAFT — NOT APPROVED"
"All > All > All > All > All","Agilent","Next Gen LC should help laboratories execute reliable, transferable, compliant analytical workflows—not merely compete on UHPLC hardware specifications. Proposed — not approved: adapt the governing workflow position for all supported markets · all supported applications · all buying situations · all geographies · the full buying committee. Agilent adaptation: Close near-term software and workflow objections with evidence on Empower-connected operation, method setup, service lifecycle, and data integrity.","performance","Pharma · Reliability","Lab manager","Sales enablement","Agilent","Unsupported","Approval not established","Approved wording unavailable — no approval record","Blocked","Owner needed","Expiration date needed","Run a controlled Pharma LC reliability study against Agilent under matched method, workload, environment, maintenance, and observation periods; capture uptime, failures, recovery, transfer results, and data-integrity controls. Then obtain documented claims/legal approval, approved wording, an owner, and an expiration date.","https://www.reddit.com/r/CHROMATOGRAPHY/comments/1q24noh/reccomendations_for_new_hplc_system_for_routine/ | https://www.reddit.com/r/CHROMATOGRAPHY/comments/1h6lnr0/agilent_1260_hplc_vs_thermo_vanquish_flex/ | https://ir.waters.com/News--Events/newsroom/news-details/2021/Waters-BioAccord-System-with-ACQUITY-Premier-Brings-Greater-Simplicity-Accuracy-and-Reproducibility-to-Multi-Attribute-Monitoring-of-Biopharmaceuticals/default.aspx","DRAFT — NOT APPROVED"
"All > All > All > All > All","Agilent","Next Gen LC should help laboratories execute reliable, transferable, compliant analytical workflows—not merely compete on UHPLC hardware specifications. Proposed — not approved: adapt the governing workflow position for all supported markets · all supported applications · all buying situations · all geographies · the full buying committee. Agilent adaptation: Position Waters around complete regulated LC/LC-MS workflows, not isolated modules: instrument, informatics, methods, compliance, and support.","economic","Academic · Cost","Procurement","Sales enablement","Agilent","Unsupported","Approval not established","Approved wording unavailable — no approval record","Blocked","Owner needed","Expiration date needed","Commission a comparative TCO study for Academic LC against Agilent, with acquisition, service, consumables, labor, downtime, utilization, geography, currency, and analysis horizon held explicit. Then obtain documented claims/legal approval, approved wording, an owner, and an expiration date.","https://www.reddit.com/r/CHROMATOGRAPHY/comments/1q24noh/reccomendations_for_new_hplc_system_for_routine/ | https://www.reddit.com/r/CHROMATOGRAPHY/comments/1cdniok/agilent_1260_repair_pm/ | https://ir.waters.com/News--Events/newsroom/news-details/2021/Waters-BioAccord-System-with-ACQUITY-Premier-Brings-Greater-Simplicity-Accuracy-and-Reproducibility-to-Multi-Attribute-Monitoring-of-Biopharmaceuticals/default.aspx","DRAFT — NOT APPROVED"
"All > All > All > All > All","Agilent","Next Gen LC should help laboratories execute reliable, transferable, compliant analytical workflows—not merely compete on UHPLC hardware specifications. Proposed — not approved: adapt the governing workflow position for all supported markets · all supported applications · all buying situations · all geographies · the full buying committee. Agilent adaptation: Close near-term software and workflow objections with evidence on Empower-connected operation, method setup, service lifecycle, and data integrity.","performance","Academic · Reliability","Instrument specialist","Sales enablement","Agilent","Unsupported","Approval not established","Approved wording unavailable — no approval record","Blocked","Owner needed","Expiration date needed","Run a controlled Academic LC reliability study against Agilent under matched method, workload, environment, maintenance, and observation periods; capture uptime, failures, recovery, transfer results, and data-integrity controls. Then obtain documented claims/legal approval, approved wording, an owner, and an expiration date.","https://www.reddit.com/r/massspectrometry/comments/1mzna4c/a_record_of_fixing_a_secondhand_agilent_ms/ | https://ir.waters.com/News--Events/newsroom/news-details/2021/Waters-BioAccord-System-with-ACQUITY-Premier-Brings-Greater-Simplicity-Accuracy-and-Reproducibility-to-Multi-Attribute-Monitoring-of-Biopharmaceuticals/default.aspx","DRAFT — NOT APPROVED"
"All > All > All > All > All","Agilent","Next Gen LC should help laboratories execute reliable, transferable, compliant analytical workflows—not merely compete on UHPLC hardware specifications. Proposed — not approved: adapt the governing workflow position for all supported markets · all supported applications · all buying situations · all geographies · the full buying committee. Agilent adaptation: Close near-term software and workflow objections with evidence on Empower-connected operation, method setup, service lifecycle, and data integrity.","usability","Unspecified public contributor · Ease of use","Public reviewer/contributor","Sales enablement","Agilent","Unsupported","Approval not established","Approved wording unavailable — no approval record","Blocked","Owner needed","Expiration date needed","Run a controlled Unspecified public contributor LC usability study against Agilent, measuring setup steps, training time, task completion, error recovery, and regulated-workflow controls under the same protocol. Then obtain documented claims/legal approval, approved wording, an owner, and an expiration date.","https://www.chromforum.org/viewtopic.php?t=122481 | https://www.waters.com/content/dam/waters/en/app-notes/2022/720007766/720007766-en.pdf","DRAFT — NOT APPROVED"
"All > All > All > All > All","Agilent","Next Gen LC should help laboratories execute reliable, transferable, compliant analytical workflows—not merely compete on UHPLC hardware specifications. Proposed — not approved: adapt the governing workflow position for all supported markets · all supported applications · all buying situations · all geographies · the full buying committee. Agilent adaptation: Close near-term software and workflow objections with evidence on Empower-connected operation, method setup, service lifecycle, and data integrity.","compliance","Audience unresolved · Buying criterion unresolved","Buyer role unresolved","Sales enablement","Agilent","Unsupported","Approval not established","Approved wording unavailable — no approval record","Blocked","Owner needed","Expiration date needed","Run a validated the intended segment LC workflow study against Agilent, documenting data-integrity controls, audit trail behavior, traceability, deviations, and validation conditions. Then obtain documented claims/legal approval, approved wording, an owner, and an expiration date.","https://www.agilent.com/about/newsroom/presrel/2026/29may-ca26021.html | https://www.agilent.com/about/newsroom/presrel/2026/01jun-ca26022.html | https://www.agilent.com/about/newsroom/presrel/2026/28may-ca26020.html | https://www.agilent.com/about/newsroom/presrel/2026/21may-ca26016.html | https://ir.waters.com/News--Events/newsroom/news-details/2021/Waters-BioAccord-System-with-ACQUITY-Premier-Brings-Greater-Simplicity-Accuracy-and-Reproducibility-to-Multi-Attribute-Monitoring-of-Biopharmaceuticals/default.aspx","DRAFT — NOT APPROVED"
"All > All > All > All > All","Agilent","Next Gen LC should help laboratories execute reliable, transferable, compliant analytical workflows—not merely compete on UHPLC hardware specifications. Proposed — not approved: adapt the governing workflow position for all supported markets · all supported applications · all buying situations · all geographies · the full buying committee. Agilent adaptation: Close near-term software and workflow objections with evidence on Empower-connected operation, method setup, service lifecycle, and data integrity.","compliance","Audience unresolved · Buying criterion unresolved","Buyer role unresolved","Sales enablement","Agilent","Unsupported","Approval not established","Approved wording unavailable — no approval record","Blocked","Owner needed","Expiration date needed","Run a validated the intended segment LC workflow study against Agilent, documenting data-integrity controls, audit trail behavior, traceability, deviations, and validation conditions. Then obtain documented claims/legal approval, approved wording, an owner, and an expiration date.","https://www.agilent.com/about/newsroom/presrel/2026/20may-ca26015.html | https://www.agilent.com/about/newsroom/presrel/2026/20may-ca26014.html | https://www.agilent.com/about/newsroom/presrel/2026/14apr-ca26012.html | https://www.agilent.com/about/newsroom/presrel/2026/02apr-ca26011.html","DRAFT — NOT APPROVED"
"All > All > All > All > All","Thermo Fisher","Next Gen LC should help laboratories execute reliable, transferable, compliant analytical workflows—not merely compete on UHPLC hardware specifications. Proposed — not approved: adapt the governing workflow position for all supported markets · all supported applications · all buying situations · all geographies · the full buying committee. Thermo Fisher adaptation: Protect biopharma accounts with proof for LC-MS robustness, sensitivity, uptime, and existing LNP/bioprocess workflow coverage.","usability","Clinical · Ease of use","Analyst","Internal message testing and sales enablement","Thermo Fisher","Unsupported","Approval not established","Approved wording unavailable — no approval record","Blocked","Owner needed","Expiration date needed","Run a controlled Clinical LC usability study against Thermo Fisher, measuring setup steps, training time, task completion, error recovery, and regulated-workflow controls under the same protocol. Then obtain documented claims/legal approval, approved wording, an owner, and an expiration date.","https://www.reddit.com/r/CHROMATOGRAPHY/comments/1q24noh/reccomendations_for_new_hplc_system_for_routine/ | https://www.reddit.com/r/CHROMATOGRAPHY/comments/1h6lnr0/agilent_1260_hplc_vs_thermo_vanquish_flex/ | https://ir.waters.com/News--Events/newsroom/news-details/2021/Waters-BioAccord-System-with-ACQUITY-Premier-Brings-Greater-Simplicity-Accuracy-and-Reproducibility-to-Multi-Attribute-Monitoring-of-Biopharmaceuticals/default.aspx","DRAFT — NOT APPROVED"
"All > All > All > All > All","Thermo Fisher","Next Gen LC should help laboratories execute reliable, transferable, compliant analytical workflows—not merely compete on UHPLC hardware specifications. Proposed — not approved: adapt the governing workflow position for all supported markets · all supported applications · all buying situations · all geographies · the full buying committee. Thermo Fisher adaptation: Protect biopharma accounts with proof for LC-MS robustness, sensitivity, uptime, and existing LNP/bioprocess workflow coverage.","performance","Biopharma · Throughput","Method developer","Internal message testing and sales enablement","Thermo Fisher","Unsupported","Approval not established","Approved wording unavailable — no approval record","Blocked","Owner needed","Expiration date needed","Run a controlled Biopharma LC reliability study against Thermo Fisher under matched method, workload, environment, maintenance, and observation periods; capture uptime, failures, recovery, transfer results, and data-integrity controls. Then obtain documented claims/legal approval, approved wording, an owner, and an expiration date.","https://www.reddit.com/r/massspectrometry/comments/1pw3739/sciex_or_thermo_for_proteomics/ | https://ir.waters.com/News--Events/newsroom/news-details/2021/Waters-BioAccord-System-with-ACQUITY-Premier-Brings-Greater-Simplicity-Accuracy-and-Reproducibility-to-Multi-Attribute-Monitoring-of-Biopharmaceuticals/default.aspx","DRAFT — NOT APPROVED"
"All > All > All > All > All","Thermo Fisher","Next Gen LC should help laboratories execute reliable, transferable, compliant analytical workflows—not merely compete on UHPLC hardware specifications. Proposed — not approved: adapt the governing workflow position for all supported markets · all supported applications · all buying situations · all geographies · the full buying committee. Thermo Fisher adaptation: Protect biopharma accounts with proof for LC-MS robustness, sensitivity, uptime, and existing LNP/bioprocess workflow coverage.","performance","Audience unresolved · Buying criterion unresolved","Buyer role unresolved","Internal message testing and sales enablement","Thermo Fisher","Unsupported","Approval not established","Approved wording unavailable — no approval record","Blocked","Owner needed","Expiration date needed","Run a controlled the intended segment LC reliability study against Thermo Fisher under matched method, workload, environment, maintenance, and observation periods; capture uptime, failures, recovery, transfer results, and data-integrity controls. Then obtain documented claims/legal approval, approved wording, an owner, and an expiration date.","https://ir.thermofisher.com/investors/news-events/news/news-details/2026/Thermo-Fisher-Scientific-Reports-Second-Quarter-2026-Results/default.aspx | https://ir.waters.com/News--Events/newsroom/news-details/2021/Waters-BioAccord-System-with-ACQUITY-Premier-Brings-Greater-Simplicity-Accuracy-and-Reproducibility-to-Multi-Attribute-Monitoring-of-Biopharmaceuticals/default.aspx","DRAFT — NOT APPROVED"
"All > All > All > All > All","SCIEX","Next Gen LC should help laboratories execute reliable, transferable, compliant analytical workflows—not merely compete on UHPLC hardware specifications. Proposed — not approved: adapt the governing workflow position for all supported markets · all supported applications · all buying situations · all geographies · the full buying committee. SCIEX adaptation: Arm LC-MS/MS and HRMS deals with use-case-specific proof for sensitivity, robustness, data confidence, and service support.","performance","Audience unresolved · Buying criterion unresolved","Buyer role unresolved","Sales enablement","SCIEX","Unsupported","Approval not established","Approved wording unavailable — no approval record","Blocked","Owner needed","Expiration date needed","Run a controlled the intended segment LC reliability study against SCIEX under matched method, workload, environment, maintenance, and observation periods; capture uptime, failures, recovery, transfer results, and data-integrity controls. Then obtain documented claims/legal approval, approved wording, an owner, and an expiration date.","https://sciex.com/about-us/press-releases/2026/sciex-launches-its-5th-generation-of-nominal-mass-novus-v55-system-with-sciexos-5-0-software | https://help.waters.com/content/dam/waters/en/support/usermanuals/2022/715008065/715008065.pdf | https://ir.waters.com/News--Events/newsroom/news-details/2022/Waters-Introduces-Xevo-TQ-Absolute--The-Most-Sensitive-and-Compact-Benchtop-Tandem-Quadrupole-Mass-Spectrometer/default.aspx","DRAFT — NOT APPROVED"