claim_id,category,exact_claim,source_url,source_quote_max_15_words,verdict,discrepancy,severity
trend-lnp-rna,Signal card,LNP and RNA therapeutics workflows shows 918 PubMed records in the last year,https://pubmed.ncbi.nlm.nih.gov/,403,Unsupported/Hallucinated,"Citation is the generic PubMed root, not the saved query/result supporting this exact trend claim.",Major
trend-oligos,Signal card,Oligonucleotide and nucleic-acid analytics shows 659 PubMed records in the last year,https://pubmed.ncbi.nlm.nih.gov/,403,Unsupported/Hallucinated,"Citation is the generic PubMed root, not the saved query/result supporting this exact trend claim.",Major
trend-pfas,Signal card,PFAS and environmental contaminant testing shows 335 PubMed records in the last year,https://pubmed.ncbi.nlm.nih.gov/,403,Unsupported/Hallucinated,"Citation is the generic PubMed root, not the saved query/result supporting this exact trend claim.",Major
trend-proteomics,Signal card,High-resolution proteomics and metabolomics shows 9869 PubMed records in the last year,https://pubmed.ncbi.nlm.nih.gov/,403,Unsupported/Hallucinated,"Citation is the generic PubMed root, not the saved query/result supporting this exact trend claim.",Major
trend-automation,Signal card,Lab automation and software-enabled workflows shows 1137 PubMed records in the last year,https://pubmed.ncbi.nlm.nih.gov/,403,Unsupported/Hallucinated,"Citation is the generic PubMed root, not the saved query/result supporting this exact trend claim.",Major
sciex-monitor-product-page-added-62bb59b3169d,Signal card,SCIEX added Qtof Systems,https://sciex.com/products/mass-spectrometers/qtof-systems,QTOF Systems,Unsupported/Hallucinated,"The current product page supports product existence/content, not a dated sitemap addition or update. No prior snapshot/diff is cited.",Critical
sciex-monitor-product-page-added-5ddf8bde9f75,Signal card,SCIEX added X Series Qtof Systems,https://sciex.com/products/mass-spectrometers/qtof-systems/x-series-qtof-systems,X-Series QTOF Systems,Unsupported/Hallucinated,"The current product page supports product existence/content, not a dated sitemap addition or update. No prior snapshot/diff is cited.",Critical
sciex-monitor-product-page-added-cae81400b14f,Signal card,SCIEX added X500R Qtof System,https://sciex.com/products/mass-spectrometers/qtof-systems/x-series-qtof-systems/x500r-qtof-system,X500R QTOF System,Unsupported/Hallucinated,"The current product page supports product existence/content, not a dated sitemap addition or update. No prior snapshot/diff is cited.",Critical
sciex-monitor-product-page-added-fee1e23a2e50,Signal card,SCIEX added X500B Qtof System,https://sciex.com/products/mass-spectrometers/qtof-systems/x-series-qtof-systems/x500b-qtof-system,X500B: A Quadrupole Time-of-Flight Mass Spec for Biologics,Unsupported/Hallucinated,"The current product page supports product existence/content, not a dated sitemap addition or update. No prior snapshot/diff is cited.",Critical
sciex-monitor-product-page-added-777d02ea1b1c,Signal card,SCIEX added Tripletof Systems,https://sciex.com/products/mass-spectrometers/qtof-systems/tripletof-systems,QTOF Systems,Unsupported/Hallucinated,"The current product page supports product existence/content, not a dated sitemap addition or update. No prior snapshot/diff is cited.",Critical
sciex-monitor-product-page-added-f5464f0d2efc,Signal card,SCIEX added Tripletof 6600 System,https://sciex.com/products/mass-spectrometers/qtof-systems/tripletof-systems/tripletof-6600-system,ZenoTOF 7600 system,Unsupported/Hallucinated,"The current product page supports product existence/content, not a dated sitemap addition or update. No prior snapshot/diff is cited.",Critical
sciex-monitor-product-page-added-19681c49754f,Signal card,SCIEX added Tripletof 6600Plus System,https://sciex.com/products/mass-spectrometers/qtof-systems/tripletof-systems/tripletof-6600plus-system,QTOF Systems,Unsupported/Hallucinated,"The current product page supports product existence/content, not a dated sitemap addition or update. No prior snapshot/diff is cited.",Critical
sciex-monitor-product-page-added-965cea28d0ce,Signal card,SCIEX added Zenotof 7600 System,https://sciex.com/products/mass-spectrometers/qtof-systems/zenotof-7600-system,ZenoTOF 7600 system,Unsupported/Hallucinated,"The current product page supports product existence/content, not a dated sitemap addition or update. No prior snapshot/diff is cited.",Critical
sciex-monitor-product-page-added-23b18ccf1b09,Signal card,SCIEX added 7600 Plus System,https://sciex.com/products/mass-spectrometers/qtof-systems/7600-plus-system,ZenoTOF 7600+ system,Unsupported/Hallucinated,"The current product page supports product existence/content, not a dated sitemap addition or update. No prior snapshot/diff is cited.",Critical
sciex-monitor-product-page-added-d90b109b1581,Signal card,SCIEX added 8600 System,https://sciex.com/products/mass-spectrometers/qtof-systems/8600-system,ZenoTOF 8600 system | QTOF mass spectrometry for confident workflows,Unsupported/Hallucinated,"The current product page supports product existence/content, not a dated sitemap addition or update. No prior snapshot/diff is cited.",Critical
sciex-monitor-product-page-added-5df2f0f91e55,Signal card,SCIEX added Qtrap Systems,https://sciex.com/products/mass-spectrometers/qtrap-systems,QTRAP LC-MS/MS Systems,Unsupported/Hallucinated,"The current product page supports product existence/content, not a dated sitemap addition or update. No prior snapshot/diff is cited.",Critical
sciex-monitor-product-page-added-2c770db764c7,Signal card,SCIEX added Qtrap 6500Plus System,https://sciex.com/products/mass-spectrometers/qtrap-systems/qtrap-6500plus-system,QTRAP 6500plus System,Unsupported/Hallucinated,"The current product page supports product existence/content, not a dated sitemap addition or update. No prior snapshot/diff is cited.",Critical
sciex-monitor-product-page-added-0d05594c2b18,Signal card,SCIEX added Qtrap 6500 System,https://sciex.com/products/mass-spectrometers/qtrap-systems/qtrap-6500-system,QTRAP 6500 LC-MS/MS Systems,Unsupported/Hallucinated,"The current product page supports product existence/content, not a dated sitemap addition or update. No prior snapshot/diff is cited.",Critical
sciex-monitor-product-page-added-b6feafec1bee,Signal card,SCIEX added Qtrap 5500 System,https://sciex.com/products/mass-spectrometers/qtrap-systems/qtrap-5500-system,QTRAP 5500 System,Unsupported/Hallucinated,"The current product page supports product existence/content, not a dated sitemap addition or update. No prior snapshot/diff is cited.",Critical
sciex-monitor-product-page-added-c4440faa7a3c,Signal card,SCIEX added Qtrap 4500 System,https://sciex.com/products/mass-spectrometers/qtrap-systems/qtrap-4500-system,QTRAP 4500 LC-MS/MS System,Unsupported/Hallucinated,"The current product page supports product existence/content, not a dated sitemap addition or update. No prior snapshot/diff is cited.",Critical
sciex-monitor-product-page-added-91a12f854736,Signal card,SCIEX added Qtrap 4000 System,https://sciex.com/products/mass-spectrometers/qtrap-systems/qtrap-4000-system,4000 QTRAP LC-MS/MS System,Unsupported/Hallucinated,"The current product page supports product existence/content, not a dated sitemap addition or update. No prior snapshot/diff is cited.",Critical
sciex-monitor-product-page-added-9921c26421cd,Signal card,SCIEX added Qtrap 3200 System,https://sciex.com/products/mass-spectrometers/qtrap-systems/qtrap-3200-system,3200 QTRAP LC-MS/MS System,Unsupported/Hallucinated,"The current product page supports product existence/content, not a dated sitemap addition or update. No prior snapshot/diff is cited.",Critical
sciex-monitor-product-page-added-57935b1aa90e,Signal card,SCIEX added Triple Quad Systems,https://sciex.com/products/mass-spectrometers/triple-quad-systems,Triple Quad™ LC-MS/MS Systems,Unsupported/Hallucinated,"The current product page supports product existence/content, not a dated sitemap addition or update. No prior snapshot/diff is cited.",Critical
sciex-monitor-product-page-added-7b6b3eb96e94,Signal card,SCIEX added Triple Quad 6500Plus System,https://sciex.com/products/mass-spectrometers/triple-quad-systems/triple-quad-6500plus-system,Triple Quad 6500+ System,Unsupported/Hallucinated,"The current product page supports product existence/content, not a dated sitemap addition or update. No prior snapshot/diff is cited.",Critical
sciex-monitor-product-page-added-67f68e7bd394,Signal card,SCIEX added Triple Quad 5500 System,https://sciex.com/products/mass-spectrometers/triple-quad-systems/triple-quad-5500-system,Triple Quad 5500 System,Unsupported/Hallucinated,"The current product page supports product existence/content, not a dated sitemap addition or update. No prior snapshot/diff is cited.",Critical
sciex-monitor-product-page-added-0ee05b43b5b0,Signal card,SCIEX added Triple Quad 4500 System,https://sciex.com/products/mass-spectrometers/triple-quad-systems/triple-quad-4500-system,Triple Quad 4500 System,Unsupported/Hallucinated,"The current product page supports product existence/content, not a dated sitemap addition or update. No prior snapshot/diff is cited.",Critical
sciex-monitor-product-page-added-2d23d2b57780,Signal card,SCIEX added Triple Quad 3500 System,https://sciex.com/products/mass-spectrometers/triple-quad-systems/triple-quad-3500-system,Triple Quad 3500 System,Unsupported/Hallucinated,"The current product page supports product existence/content, not a dated sitemap addition or update. No prior snapshot/diff is cited.",Critical
sciex-monitor-product-page-added-05090ccb6d0b,Signal card,SCIEX added Api 3200 System,https://sciex.com/products/mass-spectrometers/triple-quad-systems/api-3200-system,API 3200 System,Unsupported/Hallucinated,"The current product page supports product existence/content, not a dated sitemap addition or update. No prior snapshot/diff is cited.",Critical
sciex-monitor-product-page-added-38baf1ce585a,Signal card,SCIEX added Triple Quad 6500 System,https://sciex.com/products/mass-spectrometers/triple-quad-systems/triple-quad-6500-system,Triple Quad 6500 System,Unsupported/Hallucinated,"The current product page supports product existence/content, not a dated sitemap addition or update. No prior snapshot/diff is cited.",Critical
sciex-monitor-product-page-added-7446537876dc,Signal card,SCIEX added Api 4000 System,https://sciex.com/products/mass-spectrometers/triple-quad-systems/api-4000-system,API 4000 System,Unsupported/Hallucinated,"The current product page supports product existence/content, not a dated sitemap addition or update. No prior snapshot/diff is cited.",Critical
sciex-monitor-product-page-added-c01a352e2408,Signal card,SCIEX added Triple Quad 7500 System,https://sciex.com/products/mass-spectrometers/triple-quad-systems/triple-quad-7500-system,Triple Quad 7500 Plus System,Unsupported/Hallucinated,"The current product page supports product existence/content, not a dated sitemap addition or update. No prior snapshot/diff is cited.",Critical
sciex-monitor-product-page-added-b64fb8adbee0,Signal card,SCIEX added Triple Quad 7500 Plus System,https://sciex.com/products/mass-spectrometers/triple-quad-systems/triple-quad-7500-plus-system,Triple Quad 7500 Plus System,Unsupported/Hallucinated,"The current product page supports product existence/content, not a dated sitemap addition or update. No prior snapshot/diff is cited.",Critical
sciex-monitor-product-page-added-b9db12fdd5b3,Signal card,SCIEX added Novus V55 System,https://sciex.com/products/mass-spectrometers/triple-quad-systems/novus-v55-system,novus V55 system,Unsupported/Hallucinated,"The current product page supports product existence/content, not a dated sitemap addition or update. No prior snapshot/diff is cited.",Critical
sciex-monitor-product-page-added-c1ab57ccce28,Signal card,SCIEX added Triple Quad 5500 Plus System,https://sciex.com/products/mass-spectrometers/triple-quad-systems/triple-quad-5500-plus-system,Triple Quad 5500 Plus System,Unsupported/Hallucinated,"The current product page supports product existence/content, not a dated sitemap addition or update. No prior snapshot/diff is cited.",Critical
sciex-monitor-product-page-added-005d90674d6c,Signal card,SCIEX added Tof Tof Systems,https://sciex.com/products/mass-spectrometers/tof-tof-systems,TOF/TOF Systems,Unsupported/Hallucinated,"The current product page supports product existence/content, not a dated sitemap addition or update. No prior snapshot/diff is cited.",Critical
sciex-monitor-product-page-added-96b9477f3118,Signal card,SCIEX added Tof Tof 5800 System,https://sciex.com/products/mass-spectrometers/tof-tof-systems/tof-tof-5800-system,TOF/TOF™ 5800 System,Unsupported/Hallucinated,"The current product page supports product existence/content, not a dated sitemap addition or update. No prior snapshot/diff is cited.",Critical
sciex-monitor-product-page-added-004bc7b2cce0,Signal card,SCIEX added Novus V55 Roi Calculator,https://sciex.com/products/mass-spectrometers/novus-v55-roi-calculator,novus V55 ROI calculator,Unsupported/Hallucinated,"The current product page supports product existence/content, not a dated sitemap addition or update. No prior snapshot/diff is cited.",Critical
sciex-monitor-product-page-added-9f9cfe4bf69c,Signal card,SCIEX added Microlc Products,https://sciex.com/products/hplc-products/microlc-products,Micro-LC Products,Unsupported/Hallucinated,"The current product page supports product existence/content, not a dated sitemap addition or update. No prior snapshot/diff is cited.",Critical
sciex-monitor-product-page-added-d435a9222360,Signal card,SCIEX added Micro Hplc Columns,https://sciex.com/products/hplc-products/microlc-products/micro-hplc-columns,Micro HPLC Columns,Unsupported/Hallucinated,"The current product page supports product existence/content, not a dated sitemap addition or update. No prior snapshot/diff is cited.",Critical
sciex-monitor-product-page-added-ffaac4b25f20,Signal card,SCIEX added M5 Microlc,https://sciex.com/products/hplc-products/microlc-products/m5-microlc,M5 MicroLC: See More with Microflow LC-MS,Unsupported/Hallucinated,"The current product page supports product existence/content, not a dated sitemap addition or update. No prior snapshot/diff is cited.",Critical
sciex-monitor-product-page-added-e3df624edd3d,Signal card,SCIEX added Nanolc Products,https://sciex.com/products/hplc-products/nanolc-products,NanoFlow LC,Unsupported/Hallucinated,"The current product page supports product existence/content, not a dated sitemap addition or update. No prior snapshot/diff is cited.",Critical
sciex-monitor-product-page-added-fc71984d502f,Signal card,SCIEX added Nanolc 400,https://sciex.com/products/hplc-products/nanolc-products/nanolc-400,NanoLC 400,Unsupported/Hallucinated,"The current product page supports product existence/content, not a dated sitemap addition or update. No prior snapshot/diff is cited.",Critical
sciex-monitor-product-page-added-c75c2bf4ab86,Signal card,SCIEX added Nano Chiplc Columns,https://sciex.com/products/hplc-products/nanolc-products/nano-chiplc-columns,Nano cHiPLC Columns,Unsupported/Hallucinated,"The current product page supports product existence/content, not a dated sitemap addition or update. No prior snapshot/diff is cited.",Critical
sciex-monitor-product-page-added-2b21e0614609,Signal card,SCIEX added Chiplc System,https://sciex.com/products/hplc-products/nanolc-products/chiplc-system,cHiPLC System,Unsupported/Hallucinated,"The current product page supports product existence/content, not a dated sitemap addition or update. No prior snapshot/diff is cited.",Critical
sciex-monitor-product-page-added-1037503b160c,Signal card,SCIEX added Micro Chiplc Columns,https://sciex.com/products/hplc-products/nanolc-products/micro-chiplc-columns,Micro cHiPLC Columns,Unsupported/Hallucinated,"The current product page supports product existence/content, not a dated sitemap addition or update. No prior snapshot/diff is cited.",Critical
sciex-monitor-product-page-added-68a1e5a30cad,Signal card,SCIEX added Exionlc 2,https://sciex.com/products/hplc-products/exionlc-2,ExionLC™ 2.0 System for UHPLC,Unsupported/Hallucinated,"The current product page supports product existence/content, not a dated sitemap addition or update. No prior snapshot/diff is cited.",Critical
sciex-monitor-product-page-added-89c52ec3b161,Signal card,SCIEX added Exionlc Ae,https://sciex.com/products/hplc-products/exionlc-ae,ExionLC AE system for UHPLC,Unsupported/Hallucinated,"The current product page supports product existence/content, not a dated sitemap addition or update. No prior snapshot/diff is cited.",Critical
sciex-monitor-product-page-added-83681a999612,Signal card,SCIEX added Analyst Software,https://sciex.com/products/software/analyst-software,Analyst Software,Unsupported/Hallucinated,"The current product page supports product existence/content, not a dated sitemap addition or update. No prior snapshot/diff is cited.",Critical
sciex-monitor-product-page-added-fb0563888cbe,Signal card,SCIEX added Analyst Tf Software,https://sciex.com/products/software/analyst-tf-software,Analyst Software,Unsupported/Hallucinated,"The current product page supports product existence/content, not a dated sitemap addition or update. No prior snapshot/diff is cited.",Critical
sciex-monitor-product-page-added-70dda5ee07fb,Signal card,SCIEX added Biopharmaview Software,https://sciex.com/products/software/biopharmaview-software,Biologics Explorer Software | SCIEX,Unsupported/Hallucinated,"The current product page supports product existence/content, not a dated sitemap addition or update. No prior snapshot/diff is cited.",Critical
sciex-monitor-product-page-added-9b7e11e08542,Signal card,SCIEX added Bio Tool Kit Software,https://sciex.com/products/software/bio-tool-kit-software,Bio Tool Kit Software,Unsupported/Hallucinated,"The current product page supports product existence/content, not a dated sitemap addition or update. No prior snapshot/diff is cited.",Critical
sciex-monitor-product-page-added-b544ef2aeb29,Signal card,SCIEX added Chemoview Software,https://sciex.com/products/software/chemoview-software,ChemoView software,Unsupported/Hallucinated,"The current product page supports product existence/content, not a dated sitemap addition or update. No prior snapshot/diff is cited.",Critical
sciex-monitor-product-page-added-c5877dd41fff,Signal card,SCIEX added Discoveryquant Software,https://sciex.com/products/software/discoveryquant-software,DiscoveryQuant Software,Unsupported/Hallucinated,"The current product page supports product existence/content, not a dated sitemap addition or update. No prior snapshot/diff is cited.",Critical
sciex-monitor-product-page-added-f976c08f8f82,Signal card,SCIEX added Cliquid Software,https://sciex.com/products/software/cliquid-software,Cliquid Software,Unsupported/Hallucinated,"The current product page supports product existence/content, not a dated sitemap addition or update. No prior snapshot/diff is cited.",Critical
sciex-monitor-product-page-added-d266fa198594,Signal card,SCIEX added Lightsight Software,https://sciex.com/products/software/lightsight-software,LightSight software,Unsupported/Hallucinated,"The current product page supports product existence/content, not a dated sitemap addition or update. No prior snapshot/diff is cited.",Critical
sciex-monitor-product-page-added-2e325d6812d6,Signal card,SCIEX added Lipidview Software,https://sciex.com/products/software/lipidview-software,LipidView software,Unsupported/Hallucinated,"The current product page supports product existence/content, not a dated sitemap addition or update. No prior snapshot/diff is cited.",Critical
sciex-monitor-product-page-added-1f1eaa556ed9,Signal card,SCIEX added Markerview Software,https://sciex.com/products/software/markerview-software,MarkerView Software,Unsupported/Hallucinated,"The current product page supports product existence/content, not a dated sitemap addition or update. No prior snapshot/diff is cited.",Critical
sciex-monitor-product-page-added-14e8689b7baa,Signal card,SCIEX added Metabolitepilot Software,https://sciex.com/products/software/metabolitepilot-software,Molecule Profiler,Unsupported/Hallucinated,"The current product page supports product existence/content, not a dated sitemap addition or update. No prior snapshot/diff is cited.",Critical
sciex-monitor-product-page-added-58ebfdd92d82,Signal card,SCIEX added Mpx Software,https://sciex.com/products/software/mpx-software,MPX Software,Unsupported/Hallucinated,"The current product page supports product existence/content, not a dated sitemap addition or update. No prior snapshot/diff is cited.",Critical
sciex-monitor-product-page-added-53f2c9db2fbc,Signal card,SCIEX added Multiquant Software,https://sciex.com/products/software/multiquant-software,MultiQuant Software,Unsupported/Hallucinated,"The current product page supports product existence/content, not a dated sitemap addition or update. No prior snapshot/diff is cited.",Critical
sciex-monitor-product-page-added-7155c3fe676a,Signal card,SCIEX added Peakview Software,https://sciex.com/products/software/peakview-software,PeakView Software,Unsupported/Hallucinated,"The current product page supports product existence/content, not a dated sitemap addition or update. No prior snapshot/diff is cited.",Critical
sciex-monitor-product-page-added-614c4535746c,Signal card,SCIEX added Proteinpilot Software,https://sciex.com/products/software/proteinpilot-software,ProteinPilot - Next-Level Quantification &amp;amp; Identification,Unsupported/Hallucinated,"The current product page supports product existence/content, not a dated sitemap addition or update. No prior snapshot/diff is cited.",Critical
sciex-monitor-product-page-added-d1e450e9883c,Signal card,SCIEX added Mass Spectrometry Software Solutions,https://sciex.com/products/software/mass-spectrometry-software-solutions,Software,Unsupported/Hallucinated,"The current product page supports product existence/content, not a dated sitemap addition or update. No prior snapshot/diff is cited.",Critical
sciex-monitor-product-page-added-ed7e6810332b,Signal card,SCIEX added Oneomics,https://sciex.com/products/software/oneomics,OneOmics,Unsupported/Hallucinated,"The current product page supports product existence/content, not a dated sitemap addition or update. No prior snapshot/diff is cited.",Critical
sciex-monitor-product-page-added-d0d66fc16203,Signal card,SCIEX added Molecule Profiler Software,https://sciex.com/products/software/molecule-profiler-software,Molecule Profiler,Unsupported/Hallucinated,"The current product page supports product existence/content, not a dated sitemap addition or update. No prior snapshot/diff is cited.",Critical
sciex-monitor-product-page-added-35f5bb9417b5,Signal card,SCIEX added Biologics Explorer Software,https://sciex.com/products/software/biologics-explorer-software,Biologics Explorer Software | SCIEX,Unsupported/Hallucinated,"The current product page supports product existence/content, not a dated sitemap addition or update. No prior snapshot/diff is cited.",Critical
sciex-monitor-product-page-added-26b6cc033c60,Signal card,SCIEX added Os Software Roi Calculator,https://sciex.com/products/software/os-software-roi-calculator,OS Software ROI Calculator,Unsupported/Hallucinated,"The current product page supports product existence/content, not a dated sitemap addition or update. No prior snapshot/diff is cited.",Critical
sciex-monitor-product-page-added-5831707253b8,Signal card,SCIEX added Artificial Intelligence Quant,https://sciex.com/products/software/artificial-intelligence-quant,AI Quantitation software,Unsupported/Hallucinated,"The current product page supports product existence/content, not a dated sitemap addition or update. No prior snapshot/diff is cited.",Critical
sciex-monitor-product-page-added-1d63d0e8aa50,Signal card,SCIEX added Sciex Os Software,https://sciex.com/products/software/sciex-os-software,SCIEX OS Software,Unsupported/Hallucinated,"The current product page supports product existence/content, not a dated sitemap addition or update. No prior snapshot/diff is cited.",Critical
sciex-monitor-product-page-added-8ddebb67c185,Signal card,SCIEX added Sciex Os Tips And Tricks,https://sciex.com/products/software/sciex-os-software/sciex-os-tips-and-tricks,SCIEX OS tips and tricks,Unsupported/Hallucinated,"The current product page supports product existence/content, not a dated sitemap addition or update. No prior snapshot/diff is cited.",Critical
sciex-monitor-product-page-added-1de2a8b792e4,Signal card,SCIEX added Partner Software,https://sciex.com/products/software/partner-software,Partner Testimonials,Unsupported/Hallucinated,"The current product page supports product existence/content, not a dated sitemap addition or update. No prior snapshot/diff is cited.",Critical
sec-sciex-0000313616-26-000163,Signal card,SCIEX filed 8-K,https://www.sec.gov/Archives/edgar/data/313616/000031361626000163/dhr-20260721.htm,DANAHER CORPORATION,Contradicted,"The SEC filing identifies DANAHER CORPORATION, not SCIEX.",Critical
sec-sciex-0000313616-26-000161,Signal card,SCIEX filed 10-Q,https://www.sec.gov/Archives/edgar/data/313616/000031361626000161/dhr-20260626.htm,DANAHER CORPORATION,Contradicted,"The SEC filing identifies DANAHER CORPORATION, not SCIEX.",Critical
shimadzu-monitor-product-page-added-51e328fafe8f,Signal card,Shimadzu added Index.Html,https://www.shimadzu.com/an/products/liquid-chromatograph-mass-spectrometry/index.html,Advanced LC-MS Solutions | SHIMADZU,Unsupported/Hallucinated,"The current product page supports product existence/content, not a dated sitemap addition or update. No prior snapshot/diff is cited.",Critical
shimadzu-monitor-product-page-added-b53e177446a0,Signal card,Shimadzu added Index.Html,https://www.shimadzu.com/an/products/liquid-chromatograph-mass-spectrometry/lc-ms-system/lcmsms-method-package-for-modified-nucleosides/index.html,LC/MS/MS Method Package for Modified Nucleosides : SHIMADZU (Shimadzu Corporation),Unsupported/Hallucinated,"The current product page supports product existence/content, not a dated sitemap addition or update. No prior snapshot/diff is cited.",Critical
shimadzu-monitor-product-page-added-4cc1776b3539,Signal card,Shimadzu added Index.Html,https://www.shimadzu.com/an/products/liquid-chromatograph-mass-spectrometry/lc-ms-system/lcmsms-method-package-for-short-chain-fatty-acids/index.html,LC/MS/MS Method Package for Short Chain Fatty Acids : SHIMADZU (Shimadzu Corporation),Unsupported/Hallucinated,"The current product page supports product existence/content, not a dated sitemap addition or update. No prior snapshot/diff is cited.",Critical
shimadzu-monitor-product-page-added-ed77455d2ac1,Signal card,Shimadzu added Index.Html,https://www.shimadzu.com/an/products/liquid-chromatograph-mass-spectrometry/lc-ms-system/lcmsms-method-package-for-veterinary-drugs-ver-2/index.html,LC/MS/MS Method Package for Veterinary Drugs Ver. 2 : SHIMADZU (Shimadzu Corporation),Unsupported/Hallucinated,"The current product page supports product existence/content, not a dated sitemap addition or update. No prior snapshot/diff is cited.",Critical
shimadzu-monitor-product-page-added-19235db0163b,Signal card,Shimadzu added Index.Html,https://www.shimadzu.com/an/products/liquid-chromatograph-mass-spectrometry/lc-ms-system/rapid-toxicology-screening-ver2/index.html,DPiMS™-8060 Method Package for Rapid Toxicology Screening Ver.2 : SHIMADZU (Shimadzu Corporation),Unsupported/Hallucinated,"The current product page supports product existence/content, not a dated sitemap addition or update. No prior snapshot/diff is cited.",Critical
shimadzu-monitor-product-page-added-6d08e82a9c74,Signal card,Shimadzu added Index.Html,https://www.shimadzu.com/an/products/liquid-chromatograph-mass-spectrometry/lc-ms-system/metabolites-method-package-suite/index.html,Metabolites Method Package Suite : SHIMADZU (Shimadzu Corporation),Unsupported/Hallucinated,"The current product page supports product existence/content, not a dated sitemap addition or update. No prior snapshot/diff is cited.",Critical
shimadzu-monitor-product-page-added-e771e6a0443c,Signal card,Shimadzu added Index.Html,https://www.shimadzu.com/an/products/liquid-chromatograph-mass-spectrometry/lc-ms-system/lcmsms-method-package-for-mycotoxins/index.html,LC/MS/MS Method Package for Mycotoxins : SHIMADZU (Shimadzu Corporation),Unsupported/Hallucinated,"The current product page supports product existence/content, not a dated sitemap addition or update. No prior snapshot/diff is cited.",Critical
shimadzu-monitor-product-page-added-d8d1881ec362,Signal card,Shimadzu added Index.Html,https://www.shimadzu.com/an/products/liquid-chromatograph-mass-spectrometry/lc-ms-system/lcmsms-method-package-for-restricted-chemicals-in-textiles/index.html,LC/MS/MS Method Package for Restricted Chemicals in Textiles : SHIMADZU (Shimadzu Corporation),Unsupported/Hallucinated,"The current product page supports product existence/content, not a dated sitemap addition or update. No prior snapshot/diff is cited.",Critical
shimadzu-monitor-product-page-added-55b9a0a378b7,Signal card,Shimadzu added Index.Html,https://www.shimadzu.com/an/products/liquid-chromatograph-mass-spectrometry/lc-ms-system/lcmsms-method-package-for-pfas/index.html,LC/MS/MS Method Package for PFAS in Drinking Water : SHIMADZU (Shimadzu Corporation),Unsupported/Hallucinated,"The current product page supports product existence/content, not a dated sitemap addition or update. No prior snapshot/diff is cited.",Critical
shimadzu-monitor-product-page-added-ad97b6fc064e,Signal card,Shimadzu added Index.Html,https://www.shimadzu.com/an/products/liquid-chromatograph-mass-spectrometry/lc-ms-system/lcmsms-method-package-for-aminoglycoside-antibiotics/index.html,LC/MS/MS Method Package for Aminoglycoside Antibiotics : SHIMADZU (Shimadzu Corporation),Unsupported/Hallucinated,"The current product page supports product existence/content, not a dated sitemap addition or update. No prior snapshot/diff is cited.",Critical
shimadzu-monitor-product-page-added-8cfe84e08928,Signal card,Shimadzu added Index.Html,https://www.shimadzu.com/an/products/liquid-chromatograph-mass-spectrometry/lc-ms-system/lcmsms-forensic-toxicology-database/index.html,LC/MS/MS Forensic Toxicology Database : SHIMADZU (Shimadzu Corporation),Unsupported/Hallucinated,"The current product page supports product existence/content, not a dated sitemap addition or update. No prior snapshot/diff is cited.",Critical
shimadzu-monitor-product-page-added-f32f48945731,Signal card,Shimadzu added Index.Html,https://www.shimadzu.com/an/products/liquid-chromatograph-mass-spectrometry/lc-ms-system/lcmsms-method-package-for-water-quality-analysis/index.html,LC/MS/MS Method Package for Water Quality Analysis : SHIMADZU (Shimadzu Corporation),Unsupported/Hallucinated,"The current product page supports product existence/content, not a dated sitemap addition or update. No prior snapshot/diff is cited.",Critical
shimadzu-monitor-product-page-added-32a20a522e57,Signal card,Shimadzu added Index.Html,https://www.shimadzu.com/an/products/liquid-chromatograph-mass-spectrometry/lc-ms-system/erexim-application-suite/index.html,Erexim™ Application Suite : SHIMADZU (Shimadzu Corporation),Unsupported/Hallucinated,"The current product page supports product existence/content, not a dated sitemap addition or update. No prior snapshot/diff is cited.",Critical
shimadzu-monitor-product-page-added-71981cd6d718,Signal card,Shimadzu added Index.Html,https://www.shimadzu.com/an/products/liquid-chromatograph-mass-spectrometry/lc-ms-system/micro-volume-quechers-kit/index.html,Micro Volume QuEChERS Kit : SHIMADZU (Shimadzu Corporation),Unsupported/Hallucinated,"The current product page supports product existence/content, not a dated sitemap addition or update. No prior snapshot/diff is cited.",Critical
shimadzu-monitor-product-page-added-a71525ce933f,Signal card,Shimadzu added Index.Html,https://www.shimadzu.com/an/products/liquid-chromatograph-mass-spectrometry/lc-ms-system/open-solution-analytical/index.html,Open Solution : SHIMADZU (Shimadzu Corporation),Unsupported/Hallucinated,"The current product page supports product existence/content, not a dated sitemap addition or update. No prior snapshot/diff is cited.",Critical
shimadzu-monitor-product-page-added-97e1f78c5889,Signal card,Shimadzu added Index.Html,https://www.shimadzu.com/an/products/liquid-chromatograph-mass-spectrometry/lc-ms-system/mrm-library-for-triglycerides/index.html,LC/MS/MS MRM Library for Triglycerides : SHIMADZU (Shimadzu Corporation),Unsupported/Hallucinated,"The current product page supports product existence/content, not a dated sitemap addition or update. No prior snapshot/diff is cited.",Critical
shimadzu-monitor-product-page-added-2eddf63b2cb1,Signal card,Shimadzu added Index.Html,https://www.shimadzu.com/an/products/liquid-chromatograph-mass-spectrometry/lc-ms-system/trap-free-2d-lcms-system-for-quadrupole-lcms/index.html,Trap-Free 2D LC/MS system for Quadrupole LCMS : SHIMADZU (Shimadzu Corporation),Unsupported/Hallucinated,"The current product page supports product existence/content, not a dated sitemap addition or update. No prior snapshot/diff is cited.",Critical
shimadzu-monitor-product-page-added-5ae5e7c44e17,Signal card,Shimadzu added Index.Html,https://www.shimadzu.com/an/products/liquid-chromatograph-mass-spectrometry/lc-ms-system/lcmsms-method-package-for-dl-amino-acids/index.html,LC/MS/MS Method Package for D/L Amino Acids : SHIMADZU (Shimadzu Corporation),Unsupported/Hallucinated,"The current product page supports product existence/content, not a dated sitemap addition or update. No prior snapshot/diff is cited.",Critical
shimadzu-monitor-product-page-added-518221098746,Signal card,Shimadzu added Index.Html,https://www.shimadzu.com/an/products/liquid-chromatograph-mass-spectrometry/lc-ms-system/nsmol-antibody-ba-kit/index.html,nSMOL Antibody BA Kit : SHIMADZU (Shimadzu Corporation),Unsupported/Hallucinated,"The current product page supports product existence/content, not a dated sitemap addition or update. No prior snapshot/diff is cited.",Critical
shimadzu-monitor-product-page-added-4d056c533455,Signal card,Shimadzu added Index.Html,https://www.shimadzu.com/an/products/liquid-chromatograph-mass-spectrometry/lc-ms-system/exact-mass-database-for-endogenous-metabolites/index.html,Exact Mass Database for Endogenous Metabolites : SHIMADZU (Shimadzu Corporation),Unsupported/Hallucinated,"The current product page supports product existence/content, not a dated sitemap addition or update. No prior snapshot/diff is cited.",Critical
shimadzu-monitor-product-page-added-30aefe6e6f59,Signal card,Shimadzu added Index.Html,https://www.shimadzu.com/an/products/liquid-chromatograph-mass-spectrometry/lc-ms-system/lcmsms-method-package-for-glycosaminoglycans/index.html,LC/MS/MS Method Package for Glycosaminoglycan : SHIMADZU (Shimadzu Corporation),Unsupported/Hallucinated,"The current product page supports product existence/content, not a dated sitemap addition or update. No prior snapshot/diff is cited.",Critical
shimadzu-monitor-product-page-added-6f298dbf5243,Signal card,Shimadzu added Index.Html,https://www.shimadzu.com/an/products/liquid-chromatograph-mass-spectrometry/lc-ms-system/lcmsms-rapid-toxicology-screening-system-ver3/index.html,LC/MS/MS Rapid Toxicology Screening System Ver.3 : SHIMADZU (Shimadzu Corporation),Unsupported/Hallucinated,"The current product page supports product existence/content, not a dated sitemap addition or update. No prior snapshot/diff is cited.",Critical
shimadzu-monitor-product-page-added-2c3957add961,Signal card,Shimadzu added Index.Html,https://www.shimadzu.com/an/products/liquid-chromatograph-mass-spectrometry/lc-ms-system/lcmsms-method-package-for-residual-pesticide-ver-3/index.html,LC/MS/MS Method Package for Residual Pesticide Ver. 3 : SHIMADZU (Shimadzu Corporation),Unsupported/Hallucinated,"The current product page supports product existence/content, not a dated sitemap addition or update. No prior snapshot/diff is cited.",Critical
shimadzu-monitor-product-page-added-f1ef3af5c16d,Signal card,Shimadzu added Index.Html,https://www.shimadzu.com/an/products/liquid-chromatograph-mass-spectrometry/lc-ms-system/index.html,Application Specific LC-MS Systems : SHIMADZU (Shimadzu Corporation),Unsupported/Hallucinated,"The current product page supports product existence/content, not a dated sitemap addition or update. No prior snapshot/diff is cited.",Critical
shimadzu-monitor-product-page-added-2cdb261ff452,Signal card,Shimadzu added Index.Html,https://www.shimadzu.com/an/products/liquid-chromatograph-mass-spectrometry/lc-ms-system/lcmsms-method-package-for-bile-acids/index.html,LC/MS/MS Method Package for Bile Acids : SHIMADZU (Shimadzu Corporation),Unsupported/Hallucinated,"The current product page supports product existence/content, not a dated sitemap addition or update. No prior snapshot/diff is cited.",Critical
shimadzu-monitor-product-page-added-5f968814e4de,Signal card,Shimadzu added Index.Html,https://www.shimadzu.com/an/products/liquid-chromatograph-mass-spectrometry/lc-ms-system/method-package-guidebook/index.html,Method Package Guide : SHIMADZU (Shimadzu Corporation),Unsupported/Hallucinated,"The current product page supports product existence/content, not a dated sitemap addition or update. No prior snapshot/diff is cited.",Critical
shimadzu-monitor-product-page-added-b3201d052f70,Signal card,Shimadzu added Index.Html,https://www.shimadzu.com/an/products/liquid-chromatograph-mass-spectrometry/lc-ms-system/lcmsms-method-package-for-reactive-sulfur-profiling/index.html,LC/MS/MS Method Package for Reactive Sulfur Profiling : SHIMADZU (Shimadzu Corporation),Unsupported/Hallucinated,"The current product page supports product existence/content, not a dated sitemap addition or update. No prior snapshot/diff is cited.",Critical
shimadzu-monitor-product-page-added-75b45379fbb9,Signal card,Shimadzu added Index.Html,https://www.shimadzu.com/an/products/liquid-chromatograph-mass-spectrometry/lc-ms-system/lcmsms-method-package-for-cell-culture-profiling/index.html,LC/MS/MS Method Package for Cell Culture Profiling Ver. 3 : SHIMADZU (Shimadzu Corporation),Unsupported/Hallucinated,"The current product page supports product existence/content, not a dated sitemap addition or update. No prior snapshot/diff is cited.",Critical
shimadzu-monitor-product-page-added-5ee64a49d3c4,Signal card,Shimadzu added Index.Html,https://www.shimadzu.com/an/products/liquid-chromatograph-mass-spectrometry/lc-ms-system/lcmsms-method-package-for-sugars-and-sugar-nucleotides/index.html,LC/MS/MS Method Package for Sugars and Sugar Nucleotides : SHIMADZU (Shimadzu Corporation),Unsupported/Hallucinated,"The current product page supports product existence/content, not a dated sitemap addition or update. No prior snapshot/diff is cited.",Critical
shimadzu-monitor-product-page-added-3f23da6085a1,Signal card,Shimadzu added Index.Html,https://www.shimadzu.com/an/products/liquid-chromatograph-mass-spectrometry/lc-ms-system/oad-tof/index.html,OAD-TOF system : SHIMADZU (Shimadzu Corporation),Unsupported/Hallucinated,"The current product page supports product existence/content, not a dated sitemap addition or update. No prior snapshot/diff is cited.",Critical
shimadzu-monitor-product-page-added-65b767430333,Signal card,Shimadzu added Index.Html,https://www.shimadzu.com/an/products/liquid-chromatograph-mass-spectrometry/lc-ms-system/cell-culture-profiling-method-package-for-the-lcms-2050/index.html,Cell Culture Profiling for LCMS-2050 : SHIMADZU (Shimadzu Corporation),Unsupported/Hallucinated,"The current product page supports product existence/content, not a dated sitemap addition or update. No prior snapshot/diff is cited.",Critical
shimadzu-monitor-product-page-added-3b680e13d8e0,Signal card,Shimadzu added Index.Html,https://www.shimadzu.com/an/products/liquid-chromatograph-mass-spectrometry/quadrupole-time-of-flight-lc-msms/lcms-9030/index.html,LCMS-9030 : SHIMADZU (Shimadzu Corporation),Unsupported/Hallucinated,"The current product page supports product existence/content, not a dated sitemap addition or update. No prior snapshot/diff is cited.",Critical
shimadzu-monitor-product-page-added-71203bceb4b8,Signal card,Shimadzu added Index.Html,https://www.shimadzu.com/an/products/liquid-chromatograph-mass-spectrometry/quadrupole-time-of-flight-lc-msms/index.html,Quadrupole Time-of-Flight LC-MS/MS : SHIMADZU (Shimadzu Corporation),Unsupported/Hallucinated,"The current product page supports product existence/content, not a dated sitemap addition or update. No prior snapshot/diff is cited.",Critical
shimadzu-monitor-product-page-added-f4b32a819b9f,Signal card,Shimadzu added Index.Html,https://www.shimadzu.com/an/products/liquid-chromatograph-mass-spectrometry/quadrupole-time-of-flight-lc-msms/lcms-9050/index.html,LCMS-9050 : SHIMADZU (Shimadzu Corporation),Unsupported/Hallucinated,"The current product page supports product existence/content, not a dated sitemap addition or update. No prior snapshot/diff is cited.",Critical
shimadzu-monitor-product-page-added-68e15dc04d80,Signal card,Shimadzu added Index.Html,https://www.shimadzu.com/an/products/liquid-chromatograph-mass-spectrometry/single-quadrupole-lc-ms/index.html,Single Quadrupole LC-MS : SHIMADZU (Shimadzu Corporation),Unsupported/Hallucinated,"The current product page supports product existence/content, not a dated sitemap addition or update. No prior snapshot/diff is cited.",Critical
shimadzu-monitor-product-page-added-238cd9c2ee9a,Signal card,Shimadzu added Index.Html,https://www.shimadzu.com/an/products/liquid-chromatograph-mass-spectrometry/single-quadrupole-lc-ms/lcms-2050/index.html,LCMS-2050 : SHIMADZU (Shimadzu Corporation),Unsupported/Hallucinated,"The current product page supports product existence/content, not a dated sitemap addition or update. No prior snapshot/diff is cited.",Critical
shimadzu-monitor-product-page-added-f766d5ee41ff,Signal card,Shimadzu added Index.Html,https://www.shimadzu.com/an/products/liquid-chromatograph-mass-spectrometry/lc-ms-option/dpims-8060/index.html,DPiMS-8060 : SHIMADZU (Shimadzu Corporation),Unsupported/Hallucinated,"The current product page supports product existence/content, not a dated sitemap addition or update. No prior snapshot/diff is cited.",Critical
shimadzu-monitor-product-page-added-4f8bd0696daf,Signal card,Shimadzu added Index.Html,https://www.shimadzu.com/an/products/liquid-chromatograph-mass-spectrometry/lc-ms-option/dpims-qt/index.html,DPiMS™ QT : SHIMADZU (Shimadzu Corporation),Unsupported/Hallucinated,"The current product page supports product existence/content, not a dated sitemap addition or update. No prior snapshot/diff is cited.",Critical
shimadzu-monitor-product-page-added-5d7447c87266,Signal card,Shimadzu added Index.Html,https://www.shimadzu.com/an/products/liquid-chromatograph-mass-spectrometry/lc-ms-option/index.html,LC-MS Components &amp; Accessories : SHIMADZU (Shimadzu Corporation),Unsupported/Hallucinated,"The current product page supports product existence/content, not a dated sitemap addition or update. No prior snapshot/diff is cited.",Critical
shimadzu-monitor-product-page-added-690b8295c606,Signal card,Shimadzu added Index.Html,https://www.shimadzu.com/an/products/liquid-chromatograph-mass-spectrometry/lc-ms-option/clam-2040/index.html,CLAM-2040 : SHIMADZU (Shimadzu Corporation),Unsupported/Hallucinated,"The current product page supports product existence/content, not a dated sitemap addition or update. No prior snapshot/diff is cited.",Critical
shimadzu-monitor-product-page-added-d01dd10282e0,Signal card,Shimadzu added Index.Html,https://www.shimadzu.com/an/products/liquid-chromatograph-mass-spectrometry/triple-quadrupole-lc-msms/comparison/index.html,Triple Quadrupole LC-MS/MS Comparison : SHIMADZU (Shimadzu Corporation),Unsupported/Hallucinated,"The current product page supports product existence/content, not a dated sitemap addition or update. No prior snapshot/diff is cited.",Critical
shimadzu-monitor-product-page-added-7e6a04bbc9a7,Signal card,Shimadzu added Index.Html,https://www.shimadzu.com/an/products/liquid-chromatograph-mass-spectrometry/triple-quadrupole-lc-msms/index.html,Triple Quadrupole LC-MS/MS : SHIMADZU (Shimadzu Corporation),Unsupported/Hallucinated,"The current product page supports product existence/content, not a dated sitemap addition or update. No prior snapshot/diff is cited.",Critical
shimadzu-monitor-product-page-added-9a63fcc27f4f,Signal card,Shimadzu added Index.Html,https://www.shimadzu.com/an/products/liquid-chromatograph-mass-spectrometry/triple-quadrupole-lc-msms/nexera-mikros/index.html,Nexera Mikros : SHIMADZU (Shimadzu Corporation),Unsupported/Hallucinated,"The current product page supports product existence/content, not a dated sitemap addition or update. No prior snapshot/diff is cited.",Critical
shimadzu-monitor-product-page-added-66c3c71132fb,Signal card,Shimadzu added Index.Html,https://www.shimadzu.com/an/products/liquid-chromatograph-mass-spectrometry/triple-quadrupole-lc-msms/lcms-tq-rx-series/index.html,LCMS-TQ RX Series Triple Quadrupole LC-MS/MS : SHIMADZU (Shimadzu Corporation),Unsupported/Hallucinated,"The current product page supports product existence/content, not a dated sitemap addition or update. No prior snapshot/diff is cited.",Critical
shimadzu-monitor-product-page-added-8c0c794af5b7,Signal card,Shimadzu added Index.Html,https://www.shimadzu.com/an/products/liquid-chromatograph-mass-spectrometry/triple-quadrupole-lc-msms/lcms-8065xe/index.html,LCMS-8065XE : SHIMADZU (Shimadzu Corporation),Unsupported/Hallucinated,"The current product page supports product existence/content, not a dated sitemap addition or update. No prior snapshot/diff is cited.",Critical
shimadzu-monitor-product-page-added-61f1f9afe83d,Signal card,Shimadzu added Index.Html,https://www.shimadzu.com/an/products/liquid-chromatograph-mass-spectrometry/lc-ms-software/multi-charged-ion-analysis-software/index.html,Multi-Charged Ion Analysis Software : SHIMADZU (Shimadzu Corporation),Unsupported/Hallucinated,"The current product page supports product existence/content, not a dated sitemap addition or update. No prior snapshot/diff is cited.",Critical
shimadzu-monitor-product-page-added-ee3b1cebbb47,Signal card,Shimadzu added Index.Html,https://www.shimadzu.com/an/products/liquid-chromatograph-mass-spectrometry/lc-ms-software/labsolutions-insight/index.html,LabSolutions Insight : SHIMADZU (Shimadzu Corporation),Unsupported/Hallucinated,"The current product page supports product existence/content, not a dated sitemap addition or update. No prior snapshot/diff is cited.",Critical
shimadzu-monitor-product-page-added-8fd7f302110f,Signal card,Shimadzu added Index.Html,https://www.shimadzu.com/an/products/liquid-chromatograph-mass-spectrometry/lc-ms-software/lcmsms-mrm-library-for-phospholipid-profiling/index.html,LC/MS/MS MRM Library for Phospholipid Profiling : SHIMADZU (Shimadzu Corporation),Unsupported/Hallucinated,"The current product page supports product existence/content, not a dated sitemap addition or update. No prior snapshot/diff is cited.",Critical
shimadzu-monitor-product-page-added-61550a2a5871,Signal card,Shimadzu added Index.Html,https://www.shimadzu.com/an/products/liquid-chromatograph-mass-spectrometry/lc-ms-software/iflagger/index.html,iFlagger : SHIMADZU (Shimadzu Corporation),Unsupported/Hallucinated,"The current product page supports product existence/content, not a dated sitemap addition or update. No prior snapshot/diff is cited.",Critical
shimadzu-monitor-product-page-added-637d52fc117f,Signal card,Shimadzu added Index.Html,https://www.shimadzu.com/an/products/liquid-chromatograph-mass-spectrometry/lc-ms-software/index.html,LC-MS Software : SHIMADZU (Shimadzu Corporation),Unsupported/Hallucinated,"The current product page supports product existence/content, not a dated sitemap addition or update. No prior snapshot/diff is cited.",Critical
shimadzu-monitor-product-page-added-6930642e6312,Signal card,Shimadzu added Index.Html,https://www.shimadzu.com/an/products/liquid-chromatograph-mass-spectrometry/lc-ms-software/lcmsms-mrm-library-for-metabolic-enzymes-in-yeast/index.html,LC/MS/MS MRM Library for Metabolic Enzymes in Yeast : SHIMADZU (Shimadzu Corporation),Unsupported/Hallucinated,"The current product page supports product existence/content, not a dated sitemap addition or update. No prior snapshot/diff is cited.",Critical
shimadzu-monitor-product-page-added-20f0dc085708,Signal card,Shimadzu added Index.Html,https://www.shimadzu.com/an/products/liquid-chromatograph-mass-spectrometry/lc-ms-software/lcmsms-method-package-for-primary-metabolites/index.html,LC/MS/MS Method Package for Primary Metabolites : SHIMADZU (Shimadzu Corporation),Unsupported/Hallucinated,"The current product page supports product existence/content, not a dated sitemap addition or update. No prior snapshot/diff is cited.",Critical
shimadzu-monitor-product-page-added-879a05bc4a68,Signal card,Shimadzu added Index.Html,https://www.shimadzu.com/an/products/liquid-chromatograph-mass-spectrometry/lc-ms-software/lcmsms-method-package-for-lipid-mediators/index.html,LC/MS/MS Method Package for Lipid Mediators : SHIMADZU (Shimadzu Corporation),Unsupported/Hallucinated,"The current product page supports product existence/content, not a dated sitemap addition or update. No prior snapshot/diff is cited.",Critical
shimadzu-monitor-product-page-added-d118afc96d42,Signal card,Shimadzu added Index.Html,https://www.shimadzu.com/an/products/liquid-chromatograph-mass-spectrometry/lc-ms-software/multi-omics-analysis-package/index.html,Multi-omics Analysis Package : SHIMADZU (Shimadzu Corporation),Unsupported/Hallucinated,"The current product page supports product existence/content, not a dated sitemap addition or update. No prior snapshot/diff is cited.",Critical
shimadzu-monitor-product-page-added-d476cb2f1cc4,Signal card,Shimadzu added Index.Html,https://www.shimadzu.com/an/products/liquid-chromatograph-mass-spectrometry/lc-ms-software/peakintelligence/index.html,Peakintelligence™ for LCMS : SHIMADZU (Shimadzu Corporation),Unsupported/Hallucinated,"The current product page supports product existence/content, not a dated sitemap addition or update. No prior snapshot/diff is cited.",Critical
shimadzu-monitor-product-page-added-e4d0878f4df4,Signal card,Shimadzu added Index.Html,https://www.shimadzu.com/an/products/liquid-chromatograph-mass-spectrometry/lc-ms-software/traverse-ms/index.html,Traverse MS : SHIMADZU (Shimadzu Corporation),Unsupported/Hallucinated,"The current product page supports product existence/content, not a dated sitemap addition or update. No prior snapshot/diff is cited.",Critical
shimadzu-monitor-product-page-added-5e8fd6e496be,Signal card,Shimadzu added Index.Html,https://www.shimadzu.com/an/products/liquid-chromatograph-mass-spectrometry/lc-ms-software/high-resolution-accurate-mass-library-for-forensic-toxicology/index.html,High Resolution Accurate Mass Library for Forensic Toxicology : SHIMADZU (Shimadzu Corporation),Unsupported/Hallucinated,"The current product page supports product existence/content, not a dated sitemap addition or update. No prior snapshot/diff is cited.",Critical
shimadzu-monitor-product-page-added-9390bf1071b4,Signal card,Shimadzu added Index.Html,https://www.shimadzu.com/an/products/liquid-chromatograph-mass-spectrometry/lc-ms-software/labsolutions-insight-biologics/index.html,LabSolutions Insight Biologics : SHIMADZU (Shimadzu Corporation),Unsupported/Hallucinated,"The current product page supports product existence/content, not a dated sitemap addition or update. No prior snapshot/diff is cited.",Critical
shimadzu-monitor-product-page-added-a9fdbe19bfde,Signal card,Shimadzu added Index.Html,https://www.shimadzu.com/an/products/liquid-chromatograph-mass-spectrometry/automated-lc-msms/index.html,Automated LC-MS/MS : SHIMADZU (Shimadzu Corporation),Unsupported/Hallucinated,"The current product page supports product existence/content, not a dated sitemap addition or update. No prior snapshot/diff is cited.",Critical
shimadzu-monitor-product-page-added-6c567803f190,Signal card,Shimadzu added Index.Html,https://www.shimadzu.com/an/products/liquid-chromatograph-mass-spectrometry/stories/index.html,Overview : SHIMADZU (Shimadzu Corporation),Unsupported/Hallucinated,"The current product page supports product existence/content, not a dated sitemap addition or update. No prior snapshot/diff is cited.",Critical
shimadzu-monitor-product-page-added-96ebf5b22508,Signal card,Shimadzu added Index.Html,https://www.shimadzu.com/an/products/liquid-chromatograph-mass-spectrometry/lc-ms-consumables/stable-labeled-standards/index.html,Stable Labeled Standards : SHIMADZU (Shimadzu Corporation),Unsupported/Hallucinated,"The current product page supports product existence/content, not a dated sitemap addition or update. No prior snapshot/diff is cited.",Critical
shimadzu-monitor-product-page-added-4135a63f7e56,Signal card,Shimadzu added Index.Html,https://www.shimadzu.com/an/products/software-informatics/labsolutions-series/labsolutions-ta/index.html,LabSolutions TA : SHIMADZU (Shimadzu Corporation),Unsupported/Hallucinated,"The current product page supports product existence/content, not a dated sitemap addition or update. No prior snapshot/diff is cited.",Critical
shimadzu-monitor-product-page-added-650a0d8b87ff,Signal card,Shimadzu added Index.Html,https://www.shimadzu.com/an/products/software-informatics/labsolutions-series/labsolutionsgcms/index.html,LabSolutions™ GCMS |Software for GCMS: SHIMADZU (Shimadzu Corporation),Unsupported/Hallucinated,"The current product page supports product existence/content, not a dated sitemap addition or update. No prior snapshot/diff is cited.",Critical
shimadzu-monitor-product-page-added-bb824c4af68f,Signal card,Shimadzu added Index.Html,https://www.shimadzu.com/an/products/software-informatics/labsolutions-series/index.html,LabSolutions Series : SHIMADZU (Shimadzu Corporation),Unsupported/Hallucinated,"The current product page supports product existence/content, not a dated sitemap addition or update. No prior snapshot/diff is cited.",Critical
shimadzu-monitor-product-page-added-3a8f3b0719e7,Signal card,Shimadzu added Index.Html,https://www.shimadzu.com/an/products/software-informatics/labsolutions-series/labsolutions-lcgc/index.html,LabSolutions™ LC/GC : SHIMADZU (Shimadzu Corporation),Unsupported/Hallucinated,"The current product page supports product existence/content, not a dated sitemap addition or update. No prior snapshot/diff is cited.",Critical
shimadzu-monitor-product-page-added-a7b1d70dcc65,Signal card,Shimadzu added Index.Html,https://www.shimadzu.com/an/products/software-informatics/labsolutions-series/improving-the-data-integrity-of-spectrometers/index.html,Improving the Data Integrity of Spectrometers : SHIMADZU (Shimadzu Corporation),Unsupported/Hallucinated,"The current product page supports product existence/content, not a dated sitemap addition or update. No prior snapshot/diff is cited.",Critical
shimadzu-monitor-product-page-added-d4a86b07fbd9,Signal card,Shimadzu added Index.Html,https://www.shimadzu.com/an/products/software-informatics/labsolutions-series/system-linkage-option/index.html,System Linkage Option : SHIMADZU (Shimadzu Corporation),Unsupported/Hallucinated,"The current product page supports product existence/content, not a dated sitemap addition or update. No prior snapshot/diff is cited.",Critical
shimadzu-monitor-product-page-added-e60848441ceb,Signal card,Shimadzu added Index.Html,https://www.shimadzu.com/an/products/software-informatics/labsolutions-series/labsolutions-detect/index.html,LabSolutions Detect : SHIMADZU (Shimadzu Corporation),Unsupported/Hallucinated,"The current product page supports product existence/content, not a dated sitemap addition or update. No prior snapshot/diff is cited.",Critical
shimadzu-monitor-product-page-added-64b8962dfdcb,Signal card,Shimadzu added Index.Html,https://www.shimadzu.com/an/products/software-informatics/labsolutions-series/labsolutions-dbcs/index.html,LabSolutions™ DB/CS : SHIMADZU (Shimadzu Corporation),Unsupported/Hallucinated,"The current product page supports product existence/content, not a dated sitemap addition or update. No prior snapshot/diff is cited.",Critical
shimadzu-monitor-product-page-added-ab9bdb043e24,Signal card,Shimadzu added Index.Html,https://www.shimadzu.com/an/products/software-informatics/labsolutions-series/labsolutions-cs-powered-by-i-qlinks/index.html,LabSolutions™ CS Powered by i-QLinks™ : SHIMADZU (Shimadzu Corporation),Unsupported/Hallucinated,"The current product page supports product existence/content, not a dated sitemap addition or update. No prior snapshot/diff is cited.",Critical
shimadzu-monitor-product-page-added-fd5e5821267a,Signal card,Shimadzu added Index.Html,https://www.shimadzu.com/an/products/software-informatics/labsolutions-series/labsolutions-insight-profiler/index.html,LabSolutions Insight™ Profiler : SHIMADZU (Shimadzu Corporation),Unsupported/Hallucinated,"The current product page supports product existence/content, not a dated sitemap addition or update. No prior snapshot/diff is cited.",Critical
shimadzu-monitor-product-page-added-1bd762ed9815,Signal card,Shimadzu added Index.Html,https://www.shimadzu.com/an/products/liquid-chromatography/ion-chromatograph/index.html,Ion Chromatograph Systems : SHIMADZU (Shimadzu Corporation),Unsupported/Hallucinated,"The current product page supports product existence/content, not a dated sitemap addition or update. No prior snapshot/diff is cited.",Critical
shimadzu-monitor-product-page-added-30d66629b766,Signal card,Shimadzu added Index.Html,https://www.shimadzu.com/an/products/liquid-chromatography/ion-chromatograph/nexera-ic/index.html,Nexera IC Ion Chromatograph : SHIMADZU (Shimadzu Corporation),Unsupported/Hallucinated,"The current product page supports product existence/content, not a dated sitemap addition or update. No prior snapshot/diff is cited.",Critical
shimadzu-monitor-product-page-added-f671c1a576ff,Signal card,Shimadzu added Index.Html,https://www.shimadzu.com/an/products/liquid-chromatography/hplcuhplc/i-series/index.html,i-Series : SHIMADZU (Shimadzu Corporation),Unsupported/Hallucinated,"The current product page supports product existence/content, not a dated sitemap addition or update. No prior snapshot/diff is cited.",Critical
shimadzu-monitor-product-page-added-5cc52acdc991,Signal card,Shimadzu added Index.Html,https://www.shimadzu.com/an/products/liquid-chromatography/hplcuhplc/index.html,HPLC/UHPLC/SFC Systems : SHIMADZU (Shimadzu Corporation),Unsupported/Hallucinated,"The current product page supports product existence/content, not a dated sitemap addition or update. No prior snapshot/diff is cited.",Critical
shimadzu-monitor-product-page-added-8fb93454d535,Signal card,Shimadzu added Index.Html,https://www.shimadzu.com/an/products/liquid-chromatography/hplcuhplc/lc-2030c-nt/index.html,LC-2030C NT : SHIMADZU (Shimadzu Corporation),Unsupported/Hallucinated,"The current product page supports product existence/content, not a dated sitemap addition or update. No prior snapshot/diff is cited.",Critical
shimadzu-monitor-product-page-added-9000f1db958b,Signal card,Shimadzu added Index.Html,https://www.shimadzu.com/an/products/liquid-chromatography/hplcuhplc/nexera-series/index.html,Nexera Series Ultra High Performance Liquid Chromatograph : SHIMADZU (Shimadzu Corporation),Unsupported/Hallucinated,"The current product page supports product existence/content, not a dated sitemap addition or update. No prior snapshot/diff is cited.",Critical
shimadzu-monitor-product-page-added-d47d36473ec8,Signal card,Shimadzu added Index.Html,https://www.shimadzu.com/an/products/liquid-chromatography/hplcuhplc/nexera-x4/index.html,Nexera X4 Ultra High-Performance Liquid Chromatograph : SHIMADZU (Shimadzu Corporation),Unsupported/Hallucinated,"The current product page supports product existence/content, not a dated sitemap addition or update. No prior snapshot/diff is cited.",Critical
thermo-fisher-monitor-product-page-updated-6f8b9d500879,Signal card,Thermo Fisher updated Orbitrap Exploris Mass Spectrometers.Html,https://www.thermofisher.com/us/en/home/industrial/mass-spectrometry/liquid-chromatography-mass-spectrometry-lc-ms/lc-ms-systems/orbitrap-lc-ms/orbitrap-exploris-mass-spectrometers.html,Orbitrap Exploris Mass Spectrometers | Thermo Fisher Scientific - US,Unsupported/Hallucinated,"The current product page supports product existence/content, not a dated sitemap addition or update. No prior snapshot/diff is cited.",Critical
thermo-fisher-monitor-product-page-updated-b0ad77dc1772,Signal card,Thermo Fisher updated Orbitrap Exploris 480 Mass Spectrometers.Html,https://www.thermofisher.com/us/en/home/industrial/mass-spectrometry/liquid-chromatography-mass-spectrometry-lc-ms/lc-ms-systems/orbitrap-lc-ms/orbitrap-exploris-mass-spectrometers/orbitrap-exploris-480-mass-spectrometers.html,Orbitrap Exploris 480 Mass Spectrometers | Thermo Fisher Scientific - US,Unsupported/Hallucinated,"The current product page supports product existence/content, not a dated sitemap addition or update. No prior snapshot/diff is cited.",Critical
thermo-fisher-monitor-product-page-updated-f40e133aa6ff,Signal card,Thermo Fisher updated Orbitrap Exploris 240 Mass Spectrometers.Html,https://www.thermofisher.com/us/en/home/industrial/mass-spectrometry/liquid-chromatography-mass-spectrometry-lc-ms/lc-ms-systems/orbitrap-lc-ms/orbitrap-exploris-mass-spectrometers/orbitrap-exploris-240-mass-spectrometers.html,Orbitrap Exploris 240 Mass Spectrometer | Thermo Fisher Scientific - US,Unsupported/Hallucinated,"The current product page supports product existence/content, not a dated sitemap addition or update. No prior snapshot/diff is cited.",Critical
thermo-fisher-monitor-product-page-updated-8015be403ecf,Signal card,Thermo Fisher updated Orbitrap Exploris 120 Mass Spectrometers.Html,https://www.thermofisher.com/us/en/home/industrial/mass-spectrometry/liquid-chromatography-mass-spectrometry-lc-ms/lc-ms-systems/orbitrap-lc-ms/orbitrap-exploris-mass-spectrometers/orbitrap-exploris-120-mass-spectrometers.html,Orbitrap Exploris 120 Mass Spectrometer | Thermo Fisher Scientific - US,Unsupported/Hallucinated,"The current product page supports product existence/content, not a dated sitemap addition or update. No prior snapshot/diff is cited.",Critical
thermo-fisher-monitor-product-page-updated-c7c480e39774,Signal card,Thermo Fisher updated Vanquish Amplify Uhplc System.Html,https://www.thermofisher.com/us/en/home/industrial/chromatography/liquid-chromatography-lc/hplc-uhplc-systems/vanquish-amplify-uhplc-system.html,Vanquish Amplify UHPLC Systems | Thermo Fisher Scientific - US,Unsupported/Hallucinated,"The current product page supports product existence/content, not a dated sitemap addition or update. No prior snapshot/diff is cited.",Critical
thermo-fisher-monitor-product-page-updated-f71fcdc13f41,Signal card,Thermo Fisher updated Orbitrap Lc Ms.Html,https://www.thermofisher.com/us/en/home/industrial/mass-spectrometry/liquid-chromatography-mass-spectrometry-lc-ms/lc-ms-systems/orbitrap-lc-ms.html,Orbitrap LC-MS | Thermo Fisher Scientific - US,Unsupported/Hallucinated,"The current product page supports product existence/content, not a dated sitemap addition or update. No prior snapshot/diff is cited.",Critical
thermo-fisher-monitor-product-page-updated-49db11c56d26,Signal card,Thermo Fisher updated Orbitrap Excedion Pro Mass Spectrometer.Html,https://www.thermofisher.com/us/en/home/industrial/mass-spectrometry/liquid-chromatography-mass-spectrometry-lc-ms/lc-ms-systems/orbitrap-lc-ms/orbitrap-excedion-pro-mass-spectrometer.html,Orbitrap Excedion Series Mass Spectrometers | Thermo Fisher Scientific - US,Unsupported/Hallucinated,"The current product page supports product existence/content, not a dated sitemap addition or update. No prior snapshot/diff is cited.",Critical
thermo-fisher-monitor-product-page-updated-2604cffb1ef2,Signal card,Thermo Fisher updated Orbitrap Excedion Pro Biopharma Ms.Html,https://www.thermofisher.com/us/en/home/industrial/mass-spectrometry/liquid-chromatography-mass-spectrometry-lc-ms/lc-ms-systems/orbitrap-lc-ms/orbitrap-excedion-pro-mass-spectrometer/orbitrap-excedion-pro-biopharma-ms.html,Orbitrap Excedion Series BioPharma Edition Mass Spectrometer | Thermo Fisher Scientific - US,Unsupported/Hallucinated,"The current product page supports product existence/content, not a dated sitemap addition or update. No prior snapshot/diff is cited.",Critical
thermo-fisher-monitor-product-page-updated-cdfaeffb9481,Signal card,Thermo Fisher updated Tsq Certis Triple Quadripole Ms.Html,https://www.thermofisher.com/us/en/home/industrial/mass-spectrometry/liquid-chromatography-mass-spectrometry-lc-ms/lc-ms-systems/triple-quadrupole-lc-ms/tsq-certis-triple-quadripole-ms.html,TSQ Certis Mass Spectrometer | Thermo Fisher Scientific - US,Unsupported/Hallucinated,"The current product page supports product existence/content, not a dated sitemap addition or update. No prior snapshot/diff is cited.",Critical
sec-sciex-0001193125-26-255555,Signal card,SCIEX filed 8-K,https://www.sec.gov/Archives/edgar/data/313616/000119312526255555/d63873d8k.htm,DANAHER CORP /DE/,Contradicted,"The SEC filing identifies DANAHER CORP /DE/, not SCIEX.",Critical
thermo-fisher-monitor-product-page-updated-bd169a255fd1,Signal card,Thermo Fisher updated Orbitrap Tribrid Apex Mass Spectrometer.Html,https://www.thermofisher.com/us/en/home/industrial/mass-spectrometry/liquid-chromatography-mass-spectrometry-lc-ms/lc-ms-systems/orbitrap-lc-ms/orbitrap-tribrid-mass-spectrometers/orbitrap-tribrid-apex-mass-spectrometer.html,Orbitrap Tribrid Apex Mass Spectrometers | Thermo Fisher Scientific - US,Unsupported/Hallucinated,"The current product page supports product existence/content, not a dated sitemap addition or update. No prior snapshot/diff is cited.",Critical
thermo-fisher-monitor-product-page-updated-09b041f24af6,Signal card,Thermo Fisher updated Orbitrap Eclipse Tribrid Mass Spectrometer.Html,https://www.thermofisher.com/us/en/home/industrial/mass-spectrometry/liquid-chromatography-mass-spectrometry-lc-ms/lc-ms-systems/orbitrap-lc-ms/orbitrap-tribrid-mass-spectrometers/orbitrap-eclipse-tribrid-mass-spectrometer.html,Orbitrap Eclipse Tribrid Mass Spectrometer | Thermo Fisher Scientific - US,Unsupported/Hallucinated,"The current product page supports product existence/content, not a dated sitemap addition or update. No prior snapshot/diff is cited.",Critical
thermo-fisher-monitor-product-page-updated-9b0efa50a4a2,Signal card,Thermo Fisher updated Orbitrap Excedion Pro Ms.Html,https://www.thermofisher.com/us/en/home/industrial/mass-spectrometry/liquid-chromatography-mass-spectrometry-lc-ms/lc-ms-systems/orbitrap-lc-ms/orbitrap-excedion-pro-mass-spectrometer/orbitrap-excedion-pro-ms.html,Orbitrap Excedion Pro Mass Spectrometer | Thermo Fisher Scientific - US,Unsupported/Hallucinated,"The current product page supports product existence/content, not a dated sitemap addition or update. No prior snapshot/diff is cited.",Critical
sec-perkinelmer-0000031791-26-000019,Signal card,PerkinElmer filed 10-Q,https://www.sec.gov/Archives/edgar/data/31791/000003179126000019/revv-20260405.htm,"Revvity, Inc.",Contradicted,"The SEC filing identifies Revvity, Inc., not PerkinElmer.",Critical
sec-sciex-0000313616-26-000127,Signal card,SCIEX filed 8-K,https://www.sec.gov/Archives/edgar/data/313616/000031361626000127/dhr-20260505.htm,DANAHER CORPORATION,Contradicted,"The SEC filing identifies DANAHER CORPORATION, not SCIEX.",Critical
sec-perkinelmer-0000031791-26-000016,Signal card,PerkinElmer filed 8-K,https://www.sec.gov/Archives/edgar/data/31791/000003179126000016/pki-20260505.htm,"Revvity, Inc.",Contradicted,"The SEC filing identifies Revvity, Inc., not PerkinElmer.",Critical
sec-perkinelmer-0001193125-26-201401,Signal card,PerkinElmer filed 8-K,https://www.sec.gov/Archives/edgar/data/31791/000119312526201401/d146870d8k.htm,"Revvity, Inc.",Contradicted,"The SEC filing identifies Revvity, Inc., not PerkinElmer.",Critical
sec-sciex-0001193125-26-191608,Signal card,SCIEX filed 8-K,https://www.sec.gov/Archives/edgar/data/313616/000119312526191608/d107133d8k.htm,DANAHER CORP /DE/,Contradicted,"The SEC filing identifies DANAHER CORP /DE/, not SCIEX.",Critical
thermo-fisher-monitor-product-page-updated-175929474b04,Signal card,Thermo Fisher updated Q Exactive Orbitrap Mass Spectrometers.Html,https://www.thermofisher.com/us/en/home/industrial/mass-spectrometry/liquid-chromatography-mass-spectrometry-lc-ms/lc-ms-systems/orbitrap-lc-ms/q-exactive-orbitrap-mass-spectrometers.html,Q Exactive Orbitrap Mass Spectrometers | Thermo Fisher Scientific - US,Unsupported/Hallucinated,"The current product page supports product existence/content, not a dated sitemap addition or update. No prior snapshot/diff is cited.",Critical
sec-sciex-0000313616-26-000107,Signal card,SCIEX filed 10-Q,https://www.sec.gov/Archives/edgar/data/313616/000031361626000107/dhr-20260327.htm,DANAHER CORPORATION,Contradicted,"The SEC filing identifies DANAHER CORPORATION, not SCIEX.",Critical
sec-sciex-0000313616-26-000062,Signal card,SCIEX filed 10-K,https://www.sec.gov/Archives/edgar/data/313616/000031361626000062/dhr-20251231.htm,DANAHER CORPORATION,Contradicted,"The SEC filing identifies DANAHER CORPORATION, not SCIEX.",Critical
sec-perkinelmer-0000031791-26-000012,Signal card,PerkinElmer filed 10-K,https://www.sec.gov/Archives/edgar/data/31791/000003179126000012/revv-20251228.htm,"REVVITY, INC.",Contradicted,"The SEC filing identifies REVVITY, INC., not PerkinElmer.",Critical
sec-perkinelmer-0000031791-26-000007,Signal card,PerkinElmer filed 8-K,https://www.sec.gov/Archives/edgar/data/31791/000003179126000007/pki-20260202.htm,"Revvity, Inc.",Contradicted,"The SEC filing identifies Revvity, Inc., not PerkinElmer.",Critical
sec-perkinelmer-0000031791-26-000003,Signal card,PerkinElmer filed 8-K,https://www.sec.gov/Archives/edgar/data/31791/000003179126000003/pki-20260112.htm,"Revvity, Inc.",Contradicted,"The SEC filing identifies Revvity, Inc., not PerkinElmer.",Critical
sec-perkinelmer-0000031791-25-000037,Signal card,PerkinElmer filed 10-Q,https://www.sec.gov/Archives/edgar/data/31791/000003179125000037/revv-20250928.htm,"Revvity, Inc.",Contradicted,"The SEC filing identifies Revvity, Inc., not PerkinElmer.",Critical
sec-sciex-0000313616-25-000182,Signal card,SCIEX filed 10-Q,https://www.sec.gov/Archives/edgar/data/313616/000031361625000182/dhr-20250926.htm,DANAHER CORPORATION,Contradicted,"The SEC filing identifies DANAHER CORPORATION, not SCIEX.",Critical
sec-perkinelmer-0000031791-25-000026,Signal card,PerkinElmer filed 10-Q,https://www.sec.gov/Archives/edgar/data/31791/000003179125000026/revv-20250629.htm,"Revvity, Inc.",Contradicted,"The SEC filing identifies Revvity, Inc., not PerkinElmer.",Critical
sec-sciex-0000313616-25-000153,Signal card,SCIEX filed 10-Q,https://www.sec.gov/Archives/edgar/data/313616/000031361625000153/dhr-20250627.htm,DANAHER CORPORATION,Contradicted,"The SEC filing identifies DANAHER CORPORATION, not SCIEX.",Critical
sec-perkinelmer-0000031791-25-000015,Signal card,PerkinElmer filed 10-Q,https://www.sec.gov/Archives/edgar/data/31791/000003179125000015/revv-20250330.htm,"Revvity, Inc.",Contradicted,"The SEC filing identifies Revvity, Inc., not PerkinElmer.",Critical
sec-sciex-0000313616-25-000088,Signal card,SCIEX filed 10-Q,https://www.sec.gov/Archives/edgar/data/313616/000031361625000088/dhr-20250328.htm,DANAHER CORPORATION,Contradicted,"The SEC filing identifies DANAHER CORPORATION, not SCIEX.",Critical
sec-perkinelmer-0000031791-25-000009,Signal card,PerkinElmer filed 10-K,https://www.sec.gov/Archives/edgar/data/31791/000003179125000009/revv-20241229.htm,"REVVITY, INC.",Contradicted,"The SEC filing identifies REVVITY, INC., not PerkinElmer.",Critical
sec-sciex-0000313616-25-000043,Signal card,SCIEX filed 10-K,https://www.sec.gov/Archives/edgar/data/313616/000031361625000043/dhr-20241231.htm,DANAHER CORPORATION,Contradicted,"The SEC filing identifies DANAHER CORPORATION, not SCIEX.",Critical
sec-perkinelmer-0000031791-24-000028,Signal card,PerkinElmer filed 10-Q,https://www.sec.gov/Archives/edgar/data/31791/000003179124000028/pki-20240929.htm,"Revvity, Inc.",Contradicted,"The SEC filing identifies Revvity, Inc., not PerkinElmer.",Critical
sec-sciex-0000313616-24-000220,Signal card,SCIEX filed 10-Q,https://www.sec.gov/Archives/edgar/data/313616/000031361624000220/dhr-20240927.htm,DANAHER CORPORATION,Contradicted,"The SEC filing identifies DANAHER CORPORATION, not SCIEX.",Critical
sec-perkinelmer-0000031791-24-000021,Signal card,PerkinElmer filed 10-Q,https://www.sec.gov/Archives/edgar/data/31791/000003179124000021/pki-20240630.htm,"Revvity, Inc.",Contradicted,"The SEC filing identifies Revvity, Inc., not PerkinElmer.",Critical
sec-sciex-0000313616-24-000186,Signal card,SCIEX filed 10-Q,https://www.sec.gov/Archives/edgar/data/313616/000031361624000186/dhr-20240628.htm,DANAHER CORPORATION,Contradicted,"The SEC filing identifies DANAHER CORPORATION, not SCIEX.",Critical
sec-perkinelmer-0000031791-24-000014,Signal card,PerkinElmer filed 10-Q,https://www.sec.gov/Archives/edgar/data/31791/000003179124000014/pki-20240331.htm,"Revvity, Inc.",Contradicted,"The SEC filing identifies Revvity, Inc., not PerkinElmer.",Critical
sec-sciex-0000313616-24-000102,Signal card,SCIEX filed 10-Q,https://www.sec.gov/Archives/edgar/data/313616/000031361624000102/dhr-20240329.htm,DANAHER CORPORATION,Contradicted,"The SEC filing identifies DANAHER CORPORATION, not SCIEX.",Critical
sec-perkinelmer-0000031791-24-000004,Signal card,PerkinElmer filed 10-K,https://www.sec.gov/Archives/edgar/data/31791/000003179124000004/pki-20231231.htm,"REVVITY, INC.",Contradicted,"The SEC filing identifies REVVITY, INC., not PerkinElmer.",Critical
sec-sciex-0000313616-24-000052,Signal card,SCIEX filed 10-K,https://www.sec.gov/Archives/edgar/data/313616/000031361624000052/dhr-20231231.htm,DANAHER CORPORATION,Contradicted,"The SEC filing identifies DANAHER CORPORATION, not SCIEX.",Critical
sec-perkinelmer-0000031791-23-000014,Signal card,PerkinElmer filed 10-Q,https://www.sec.gov/Archives/edgar/data/31791/000003179123000014/pki-20231001.htm,"Revvity, Inc.",Contradicted,"The SEC filing identifies Revvity, Inc., not PerkinElmer.",Critical
sec-sciex-0000313616-23-000256,Signal card,SCIEX filed 10-Q,https://www.sec.gov/Archives/edgar/data/313616/000031361623000256/dhr-20230929.htm,DANAHER CORPORATION,Contradicted,"The SEC filing identifies DANAHER CORPORATION, not SCIEX.",Critical
sec-perkinelmer-0000031791-23-000011,Signal card,PerkinElmer filed 10-Q,https://www.sec.gov/Archives/edgar/data/31791/000003179123000011/pki-20230702.htm,"Revvity, Inc.",Contradicted,"The SEC filing identifies Revvity, Inc., not PerkinElmer.",Critical
revvity-software-ai-life-sciences-2026,Filing insight,PerkinElmer-related life-science software and AI signals are rising,https://www.sec.gov/Archives/edgar/data/31791/000003179126000019/revv-20260405.htm,"Revvity, Inc.",Contradicted,The filing is Revvity's; the cited filing does not support the PerkinElmer attribution or the asserted AI/platform/analytics trend.,Critical
corporate-move-5,Corporate move,PerkinElmer Acquisition: Advanced Chemistry Development Inc. (ACD/Labs) on 2026-01-01; $72 million cash plus up to $8 million contingent consideration; Completed.,https://www.sec.gov/Archives/edgar/data/31791/000003179126000019/revv-20260405.htm,"Revvity, Inc.",Contradicted,Revvity—not the current PerkinElmer instruments company—made the acquisition.,Critical
catalog-agilent-newsroom,Source health,Agilent newsroom: health good; status monitored.,https://www.agilent.com/about/newsroom/presrel.html,Access Denied,Contradicted,"The card says health=good/status=monitored, but the audit fetch classified the URL Broken.",Major
catalog-pubmed,Source health,PubMed E-utilities: health good; status 200.,https://pubmed.ncbi.nlm.nih.gov/,403,Contradicted,"The card says health=good/status=200, but the audit fetch classified the URL Broken.",Major
catalog-conferences,Source health,Waters Next Gen LC conference source map: health manual; status source_map_created.,none,,Unsupported/Hallucinated,"The card cites a local app data file, not a primary source.",Major
catalog-trade-publications,Source health,"LCGC, BioPharma International, Separation Science, LabRoots, Lab Manager, Pharmaceutical Online, The Analytical Scientist, European Pharmaceutical Review, American Pharmaceutical Review: health manual; status source_map_created. Outlet-level homepage links and PM use cases are mapped. Automated ingestion still requires RSS/search validation and terms/access review.",none,,Unsupported/Hallucinated,"The card cites a local app data file, not a primary source.",Major
catalog-customer-voice,Source health,"SelectScience, Chromatography Forum, LabWrench, Waters support, Reddit, and public lab communities: health manual; status source_map_created. Public source map and directional signal starter are available. Forum, Reddit, ResearchGate, and LinkedIn ingestion still require approved access, terms review, and careful handling of user-generated content.",none,,Unsupported/Hallucinated,"The card cites a local app data file, not a primary source.",Major
catalog-journal-analytical-chemistry-acs,Source health,Analytical Chemistry: health good; status monitored.,https://pubs.acs.org/journal/ancham,Just a moment...,Contradicted,"The card says health=good/status=monitored, but the audit fetch classified the URL Broken.",Major
catalog-journal-journal-of-chromatography-a,Source health,Journal of Chromatography A: health good; status monitored.,https://www.sciencedirect.com/journal/journal-of-chromatography-a,ScienceDirect,Contradicted,"The card says health=good/status=monitored, but the audit fetch classified the URL Broken.",Major
catalog-journal-journal-of-chromatography-b,Source health,Journal of Chromatography B: health good; status monitored.,https://www.sciencedirect.com/journal/journal-of-chromatography-b,ScienceDirect,Contradicted,"The card says health=good/status=monitored, but the audit fetch classified the URL Broken.",Major
catalog-journal-jasms,Source health,Journal of the American Society for Mass Spectrometry (JASMS): health good; status monitored.,https://pubs.acs.org/journal/jamsef,Just a moment...,Contradicted,"The card says health=good/status=monitored, but the audit fetch classified the URL Broken.",Major
catalog-journal-journal-pharmaceutical-biomedical-analysis,Source health,Journal of Pharmaceutical and Biomedical Analysis: health good; status monitored.,https://www.sciencedirect.com/journal/journal-of-pharmaceutical-and-biomedical-analysis,ScienceDirect,Contradicted,"The card says health=good/status=monitored, but the audit fetch classified the URL Broken.",Major
catalog-journal-talanta,Source health,Talanta: health good; status monitored.,https://www.sciencedirect.com/journal/talanta,ScienceDirect,Contradicted,"The card says health=good/status=monitored, but the audit fetch classified the URL Broken.",Major
runtime-thermo-news,Source health,Thermo Fisher Investor relations news: HTTP 403; status check_needed; title Just a moment....,https://ir.thermofisher.com/investors/news-events/news/default.aspx,"Thermo Fisher Scientific Inc. - Investors - News, Events &amp; Presentations - News",Contradicted,Stored HTTP/status fields disagree with each other or with the audit fetch (OK).,Major
runtime-agilent-news,Source health,Agilent Press releases: HTTP 403; status live; title Access Denied.,https://www.agilent.com/about/newsroom/presrel.html,Access Denied,Contradicted,Stored HTTP/status fields disagree with each other or with the audit fetch (Broken).,Major
runtime-pubmed,Source health,All Scientific publications: HTTP 200; status live; title PubMed Twitter Facebook LinkedIn GitHub Twitter SM-Facebook SM-Youtube.,https://pubmed.ncbi.nlm.nih.gov/,403,Contradicted,Stored HTTP/status fields disagree with each other or with the audit fetch (Broken).,Major
runtime-sec,Source health,Public-company parents Investor relations / SEC filings: HTTP 200; status live; title SEC.gov | EDGAR Full Text Search.,https://www.sec.gov/edgar/search/,SEC.gov | Request Rate Threshold Exceeded,Contradicted,Stored HTTP/status fields disagree with each other or with the audit fetch (Broken).,Major
