severity,claim_family,claim_id,on_screen_text,cited_source,what_source_actually_says,verdict,surface
Major,Competitor launch,shimadzu-pl-40-plate-loader-2026,Shimadzu launched PL-40 Plate Loader for LC/LC-MS Systems on 2026-02-09,https://www.shimadzu.com/an/products/liquid-chromatography/hplc-components-accessories/plate-loader/index.html,"PL-40, Automation-Compatible Plate Loader for LC/LC-MS Systems : SHIMADZU (Shimadzu Corporation)",Unsupported / Hallucinated,Competitive Timeline / comparator
Major,Competitor launch,shimadzu-labsolutions-insight-profiler-2026,Shimadzu launched LabSolutions Insight Profiler for LC/QTOF Data on 2026-04-10,https://www.shimadzu.com/an/products/software-informatics/labsolutions-series/labsolutions-insight-profiler/index.html,LabSolutions Insight™ Profiler : SHIMADZU (Shimadzu Corporation),Unsupported / Hallucinated,Competitive Timeline / comparator
Major,Source catalog health,source-catalog-thermo-news,Thermo Fisher investor relations news health=good; status=verified,https://ir.thermofisher.com/investors/news-events/news/default.aspx,HTTP 200 — Broken,Contradicted,Public Evidence Library / source coverage
Major,Source catalog health,source-catalog-agilent-newsroom,Agilent newsroom health=good; status=monitored,https://www.agilent.com/about/newsroom/presrel.html,HTTP 403 — Broken,Contradicted,Public Evidence Library / source coverage
Major,Source catalog health,source-catalog-pubmed,PubMed E-utilities health=good; status=200,https://pubmed.ncbi.nlm.nih.gov/,HTTP 403 — Broken,Contradicted,Public Evidence Library / source coverage
Major,Source catalog health,source-catalog-journal-analytical-chemistry-acs,Analytical Chemistry health=good; status=monitored,https://pubs.acs.org/journal/ancham,HTTP 403 — Broken,Contradicted,Public Evidence Library / source coverage
Major,Source catalog health,source-catalog-journal-journal-of-chromatography-a,Journal of Chromatography A health=good; status=monitored,https://www.sciencedirect.com/journal/journal-of-chromatography-a,HTTP 403 — Broken,Contradicted,Public Evidence Library / source coverage
Major,Source catalog health,source-catalog-journal-journal-of-chromatography-b,Journal of Chromatography B health=good; status=monitored,https://www.sciencedirect.com/journal/journal-of-chromatography-b,HTTP 403 — Broken,Contradicted,Public Evidence Library / source coverage
Major,Source catalog health,source-catalog-journal-jasms,Journal of the American Society for Mass Spectrometry (JASMS) health=good; status=monitored,https://pubs.acs.org/journal/jamsef,HTTP 403 — Broken,Contradicted,Public Evidence Library / source coverage
Major,Source catalog health,source-catalog-journal-journal-pharmaceutical-biomedical-analysis,Journal of Pharmaceutical and Biomedical Analysis health=good; status=monitored,https://www.sciencedirect.com/journal/journal-of-pharmaceutical-and-biomedical-analysis,HTTP 403 — Broken,Contradicted,Public Evidence Library / source coverage
Major,Source catalog health,source-catalog-journal-talanta,Talanta health=good; status=monitored,https://www.sciencedirect.com/journal/talanta,HTTP 403 — Broken,Contradicted,Public Evidence Library / source coverage
Major,Source catalog health,source-catalog-conference-imsc-2026,IMSC 2026 (International Mass Spectrometry Conference) health=good; status=monitored,https://www.imss.nl/,HTTP 200 — Broken,Contradicted,Public Evidence Library / source coverage
Major,Source catalog health,source-catalog-usp-621-chromatography,USP <621> Chromatography health=review; status=200,https://doi.usp.org/USPNF/USPNF_M99380_06_01.html,HTTP 200 — OK,Contradicted,Public Evidence Library / source coverage
Major,Source catalog health,source-catalog-usp-1058-instrument-qualification,USP <1058> Analytical Instrument Qualification health=review; status=200,https://doi.usp.org/USPNF/USPNF_M1124_01_01.html,HTTP 200 — OK,Contradicted,Public Evidence Library / source coverage
Major,Source catalog health,source-catalog-fda-warning-letters-analytical-findings,FDA Warning Letters health=review; status=200,https://www.fda.gov/inspections-compliance-enforcement-and-criminal-investigations/compliance-actions-and-activities/warning-letters,HTTP 200 — OK,Contradicted,Public Evidence Library / source coverage
Major,Source catalog health,source-catalog-fda-form-483-observations,FDA Form 483 Inspection Observations health=review; status=200,https://www.fda.gov/inspections-compliance-enforcement-and-criminal-investigations/inspection-references/inspection-observations,HTTP 200 — OK,Contradicted,Public Evidence Library / source coverage
Major,Source catalog health,source-catalog-conference-slas-2026,SLAS 2026 (Society for Laboratory Automation and Screening) health=good; status=monitored,https://www.slas.org/events-calendar/slas2026-international-conference-exhibition/,HTTP 200 — Broken,Contradicted,Public Evidence Library / source coverage
Major,Source catalog health,source-catalog-conference-slas-europe-2026,SLAS EU (Society for Laboratory Automation and Screening) health=good; status=monitored,https://www.slas.org/events-calendar/slas-europe-2026-conference-and-exhibition/,HTTP 200 — Broken,Contradicted,Public Evidence Library / source coverage
Major,Source catalog health,source-catalog-conference-issx-europe-2026,ISSX EU (International Society for the Study of Xenobiotics) health=good; status=monitored,https://issxmeetings.org/2026-euro/home,HTTP 200 — Broken,Contradicted,Public Evidence Library / source coverage
Major,Source catalog health,source-catalog-conference-issx-na-2026,ISSX US (International Society for the Study of Xenobiotics) health=good; status=monitored,https://issxmeetings.org/2026-na/home,HTTP 200 — Broken,Contradicted,Public Evidence Library / source coverage
Major,Source catalog health,source-catalog-trade-lcgc,LCGC health=good; status=monitored,https://www.chromatographyonline.com/,HTTP 403 — Broken,Contradicted,Public Evidence Library / source coverage
Major,Source catalog health,source-catalog-trade-pharmaceutical-online,Pharmaceutical Online health=good; status=monitored,https://www.pharmaceuticalonline.com/,HTTP 200 — Broken,Contradicted,Public Evidence Library / source coverage
Major,Source catalog health,source-catalog-trade-european-pharmaceutical-review,European Pharmaceutical Review health=good; status=monitored,https://www.europeanpharmaceuticalreview.com/,HTTP 200 — Broken,Contradicted,Public Evidence Library / source coverage
Major,Pipeline source health,source-health-sec-edgar-submissions,sec-edgar-submissions collection state is CURRENT,https://www.sec.gov/search-filings/edgar-application-programming-interfaces,HTTP 429 — Broken,Contradicted,Refresh/source status
Major,Pipeline source health,source-health-jasms,jasms collection state is CURRENT,https://api.crossref.org/journals/1044-0305/works,HTTP 429 — Broken,Contradicted,Refresh/source status
Major,Pipeline source health,source-health-analytical-bioanalytical-chemistry,analytical-bioanalytical-chemistry collection state is CURRENT,https://api.crossref.org/journals/1618-2642/works,HTTP 429 — Broken,Contradicted,Refresh/source status
Major,Pipeline source health,source-health-journal-pharmaceutical-biomedical-analysis,journal-pharmaceutical-biomedical-analysis collection state is CURRENT,https://api.crossref.org/journals/0731-7085/works,HTTP 429 — Broken,Contradicted,Refresh/source status
Minor,Pipeline source health,source-health-reddit-lc-discussions,reddit-lc-discussions collection state is UNVERIFIED,https://www.reddit.com/dev/api/,HTTP 200 — Broken,Unsupported / Hallucinated,Refresh/source status
Major,Product comparator system,product-system-agilent-1290-infinity-iii,Agilent 1290 Infinity III LC stack is a UHPLC comparator,none,No cited source is attached to this comparator record.,Unsupported / Hallucinated,Product Comparator
Major,Product comparator system,product-system-shimadzu-nexera-x4,Shimadzu Nexera X4 Series is a UHPLC comparator,none,No cited source is attached to this comparator record.,Unsupported / Hallucinated,Product Comparator
Major,Product comparator system,product-system-thermo-vanquish,Thermo Fisher Vanquish UHPLC platform is a UHPLC comparator,none,No cited source is attached to this comparator record.,Unsupported / Hallucinated,Product Comparator
Major,Product comparator system,product-system-sciex-exionlc,SCIEX ExionLC system is a LC comparator,none,No cited source is attached to this comparator record.,Unsupported / Hallucinated,Product Comparator
Major,Product comparator system,product-system-perkinelmer-lc-portfolio,PerkinElmer PerkinElmer LC portfolio is a LC comparator,none,No cited source is attached to this comparator record.,Unsupported / Hallucinated,Product Comparator
